TrafficDemand_Mbps,SNR_dB,CQI,QoS_Latency_ms,UserSpeed_kmh,Interference_dBm,BandwidthAllocated_Mbps
2.26883356977305,18.3684934827089,9,67.4119685542918,82.2249241412163,-94.2774282271306,4.12142982257554
2.91694250729754,11.6544350231363,13,56.6152103779813,69.3587812521534,-95.793731405916,4.00308405821921
0.870576569498176,12.9983864968267,12,23.0420664222663,0,-80.740316184219,3.27403816366159
2.43108666018406,11.6409878639047,7,80.9574357045485,22.8098483757855,-89.9448959175107,2.33046333224487
2.15938261992949,17.8781450829158,7,37.6672650881426,0.263742068121104,-96.3449085280786,5
1.34615585184736,11.1095324228959,11,36.0285807538698,39.3296768676963,-81.4167346511601,2.76727749089646
1.78320398884716,9.68219398557667,8,21.5280983174093,114.053792184792,-94.8077644660536,5
2.17131223326933,17.764891506435,13,47.8073527872178,0,-75.1029279307955,5
3.78919846986288,12.8828558108176,5,47.9457578213595,107.951541924076,-96.2939120653926,5
3.38471851494244,16.8079358242403,10,43.5456679128518,11.3891126371601,-95.9395075639409,5
1.32505652992174,13.2405537902695,9,33.2082522631916,3.92331202039776,-96.2869404086789,3.52211294159215
3.51746173316593,16.3477035398653,14,20,54.3852235398173,-86.4374835040197,5
2.36270211247305,2.17775321939457,3,100,58.3649606384176,-76.9491421713588,0.5
1.96847256340517,17.3293206403941,8,80.0168092582823,41.1918417955657,-86.3432554886595,2.84209384996907
2.35737145191305,24.2678047124692,8,42.8201674917825,0,-82.2792212398253,5
1.89751697085011,20.1964466992361,1,47.7024134109684,2.34730761191151,-77.4467399645442,5
1.93792782589184,19.5544828972925,13,57.1780229243888,0,-91.2833484345058,4.41838484898311
2.74484880389273,13.8013435669934,15,49.7572529096861,9.49969053524647,-80.5137665417591,5
2.70451724490024,15.9049903989622,7,38.592804780046,0,-91.2449953419947,5
2.70859620671481,16.2212477340667,9,68.6806953901388,47.0315664271316,-70,4.26483840241594
2.33574856680404,15.4819644226986,6,27.2336641294198,70.4616198309158,-87.3971815651186,5
1.39625653865748,10.8476575119037,10,89.1447638905321,19.973305295942,-95.4547922375106,1.13269787770609
2.35861932566442,13.2387390716887,6,20,52.169442589155,-88.995684895052,5
2.81511764458236,14.1261248022795,8,43.5333134030697,60.3552318310472,-97.3290408805219,5
2.24444688515589,12.5967329025949,14,67.4518438531132,35.3537063865239,-105.241581816792,2.79435879103499
2.51734650495893,19.1841835570884,5,52.3583078134038,19.097540141387,-86.5021970628654,5
2.36344256669162,27.6917467069451,6,20,8.29489391805399,-87.6714106086726,5
1.84827953760699,8.38332874259799,8,68.4367043956546,0,-83.4599887030127,1.50939812281593
2.14693573354833,15.6417013167165,7,53.2648982629675,19.0593041904212,-98.4495453583097,4.20310918766258
1.60635859812068,7.78810423319431,14,33.706583223534,36.3801549986442,-98.0511506765235,2.47439065836391
2.44419781587882,21.5125410480357,15,58.0742017721443,22.5316750958703,-94.9075082359331,5
1.42646494651542,22.0495575000951,4,65.1231481506983,38.7161658668909,-100.057096918496,3.21984033360696
1.46556477091598,6.6872851482096,5,93.6887936438467,31.8495320074464,-70,0.69739038114792
1.59525065278756,24.7184223919607,10,48.1243491268616,56.8129986544997,-86.2846647871475,5
0.527857919002552,9.57650773881192,6,44.1158782203335,4.77996226795477,-96.5312632445471,0.763902650662284
2.71919014640755,16.1340948751071,15,39.9038881125669,25.2635936726781,-85.7567709472504,5
2.1625952697281,20.4946460124237,15,20,39.6825833554238,-77.7047173575275,5
1.62253584041515,15.7359437623613,10,60.4276133435516,14.9566149929971,-83.2240321343233,2.816828413861
2.68514927004761,26.4783290650642,10,20,41.2177762683567,-80.8335035500551,5
1.14424179057315,28.7627893879774,7,44.6032497601849,0,-85.1925451759315,4.91916109373661
1.94887877695725,15.6915886240778,11,44.4993588402557,48.3431125876921,-105.071448991006,4.5814898376385
1.87927647919632,5.4646689581344,13,66.9028950567628,48.4729155821026,-97.5989332074362,1.02333626777567
2.15960336958275,13.1750350331326,9,20,29.9525005379208,-79.4015722713217,5
2.15642929831871,10.7594499421259,15,68.3614981744545,15.8824498440868,-91.9808494959682,2.26267647809432
1.56756004133777,11.1762331773943,11,39.6149131237596,12.680349770815,-87.4079853805665,2.94828641709163
1.98497435190187,9.36152592731534,8,24.1397566750356,0,-84.4507549487699,5
1.91756049039548,15.3909444754167,9,49.8256381465013,73.8286694814859,-100.214216765194,3.94884616752966
2.31385364376436,25.5331482785289,12,54.667053617287,55.4308846305334,-88.0988721006194,5
2.54663283451974,11.4207630343309,6,41.5160860140643,0,-94.3478833852527,4.67039693620499
2.5546366488072,13.5974216912926,8,20.611026481365,0,-104.741666558901,5
1.56817358900564,20.8323750225801,15,74.1284063226592,14.5900234106015,-86.0676703074533,2.93803522179008
2.03867954556521,21.0641070938213,6,53.9468444294776,57.2334663026729,-98.4408120205498,5
1.3929414781923,17.4277049352898,12,35.8624894165472,63.3059739475314,-95.0283444435581,4.51275106088253
1.44324962925662,20.1300824309799,11,74.3273451943338,51.3839294648991,-103.392198472698,2.60583628895992
1.99657533594833,19.3536301054184,14,57.3434084173072,60.720982764708,-96.0296368539954,4.49234783863817
2.76631515414237,13.0912106074555,10,24.6496887430828,100.195506820208,-85.6046757547459,5
1.61516704312316,17.144465135515,1,62.4210014131067,0,-74.2849373185668,2.95746350661648
2.18568940638003,13.5043473998855,5,20,48.7803289710014,-101.315486914163,5
1.88720779886437,10.5006574000023,10,28.8432104549698,27.8278462002824,-86.5468133366231,4.58037835730888
2.55867806940723,18.1737273062854,9,53.0308896289783,0.0450007395496854,-84.7661232242834,5
1.45546785247388,15.3372679541428,15,58.2252813640869,58.6705616681499,-79.5603599087864,2.55592300905009
2.01627873208249,14.0643972757931,14,51.4099557241987,29.7794839433183,-77.401309378054,3.67733508776296
2.27626351055611,16.458637275012,10,20,78.0045727638283,-101.058795068898,5
2.55030510894043,19.9384734595584,8,66.3744402764345,0,-89.3862685342286,5
2.77210594775198,16.9646728493878,2,75.2351421812339,0,-77.6930631390015,4.16719006074483
2.04296556658771,15.9727568701302,15,73.3468572916855,47.3368814749186,-84.5489426803844,2.96597959286185
1.2542048446812,16.3989247824117,9,38.5934001024395,0,-76.0002404726392,3.55287188225105
1.62884908137007,15.2561015592223,2,42.1220485684382,34.8493048321104,-77.8351168057568,3.93299754001796
1.46920913334001,11.1276687803029,10,29.6513196361671,13.9238043806902,-70,3.67580550779535
3.17522861200102,18.9339085520145,8,55.0041174329265,73.8671329284258,-110,5
1.69219905926655,22.0445347549675,6,55.0424961792962,47.466985928731,-93.3185056225493,4.51817456979798
2.37403839185199,12.3295070810406,10,34.5704218945566,13.7198123828322,-93.3863352791899,5
1.90379074470587,24.6387921490585,5,68.3909091672138,4.45239331981502,-104.236228063658,4.57245024963016
2.44430521271036,14.1187622637119,3,67.0431509689956,13.8047520038265,-95.2123671577047,3.43167683294689
1.61757538171606,13.7812481875677,1,63.142523794217,125.754498259509,-75.7776679578682,2.35363919146675
1.29886551533062,10.5119967064502,7,34.9307131915359,28.015079454169,-89.407065367968,2.60585766732177
1.28881203745425,11.0383156744648,5,23.2299634855723,21.8969636653242,-80.3941476942828,4.08274830717543
2.24409695492997,10.2351265452331,10,63.0445016776765,22.0986379624106,-73.6509277967595,2.42882574501746
1.91131242169059,16.7695272711821,2,78.9443335049777,90.6526410614905,-92.9026899579741,2.70670098420414
1.90197325609633,22.9851316195558,7,24.1974805193347,0,-94.0961737144556,5
2.70965507532127,17.6373512557096,2,20,74.4989005327744,-103.171196469757,5
2.14579218699209,19.2710115057592,15,78.7221623301934,1.2287589307292,-92.7729676435598,3.50190126054102
2.09890552673218,21.7092326102298,8,48.7665559448819,19.0653768600261,-97.1469272260348,5
2.79384954498703,2.50233279035147,13,73.556129087082,57.096176767467,-92.1928543297313,0.633633246202399
1.59776702182523,14.1622033891515,10,69.7102683562691,0,-92.255831168462,2.16399506750072
2.3483122079248,16.7650765726358,12,25.6284320891424,47.0286740222711,-97.2836400311108,5
2.41754408253634,18.5862686274508,3,41.3624341986153,27.0182758646601,-101.446827870337,5
1.87814242981102,8.47574180634194,13,33.3011741140547,0,-93.7768731180249,3.18680461657666
2.10783504320187,9.97065524127962,14,53.593602072968,37.6922441663127,-89.8537409650182,2.61430415924641
1.41707803425898,18.9534173487366,1,73.3260485006886,53.2155886362198,-98.9567127480984,2.44192179525265
1.4260236105507,14.4171433567057,7,51.1197188457236,55.5143705521472,-86.4776062540916,2.6811815202405
2.05243735800825,17.7654494393914,5,20,7.36073502298017,-91.4412800746904,5
2.3611270161125,10.1967759764043,9,74.7059417884042,29.3544949473275,-92.6065639444888,2.14850230640084
3.29274562630812,6.83098802103607,5,50.0534305401904,54.8929026134081,-80.8826671004049,2.99582608516302
1.66655466464931,18.8060014093342,9,40.8092641635933,51.3374544702063,-70,5
2.09366551228947,20.9665357585154,10,20,14.4263697745786,-81.5235656237139,5
1.95875278731452,23.1602860796044,9,57.4784336993135,0,-83.5730913052008,5
1.03348854107451,7.33905198517122,8,54.9036101587006,40.9040424656731,-89.9527995535635,0.920986932929715
1.78051692303261,8.31573797639884,3,56.7715839560561,42.6987385955188,-88.7021348784066,1.73869991085023
1.10266057927244,7.63076750995737,8,28.4386967536013,89.9347310370613,-84.1857072758972,1.97246416170773
2.42018776487695,14.7916846285178,6,35.396753350958,0,-95.5298028297816,5
1.55598395883549,11.9224633243579,3,31.6734546019334,15.8283350823154,-104.925587951553,3.90467073361659
2.05004641656966,21.5707740438792,8,85.751063508048,47.3691048860961,-85.708881428774,3.43794282521353
1.72773553500473,7.7246670875888,7,33.591929416046,25.9408791838379,-97.0186624998618,2.64868815323908
2.15176039732468,6.28825389701194,9,46.0657732429206,111.150719414962,-86.0628300799555,1.95818786217701
1.69983671893313,16.026523416461,12,32.1971251606318,15.3115248647088,-98.3054226491109,5
2.24498266058697,20.9646519926286,10,68.2149722725617,0,-102.534171733368,4.59970185827983
2.36968156180224,10.9858845084703,13,49.7546950037935,59.1943338144715,-104.034301172262,3.48818645259857
2.85594389149078,8.67181788881015,5,51.4562896475616,0,-87.1889853811635,3.20870723447007
1.90293823212087,14.2533432340822,5,68.7883261647538,82.5954814853667,-70.4546079953596,2.62866615969245
0.930822365280031,6.81776660873053,8,63.504746767625,46.1530149869008,-87.9956195362307,0.666210528995296
1.58020562633169,15.0867217302183,14,65.7193704815997,16.2333508894784,-85.0949648145924,2.41837603193581
2.67729716400232,19.1419363299555,13,20,0,-88.5619096575797,5
1.46392235580787,16.0886917419074,7,54.3985927441749,104.293816795484,-87.6990411430105,2.88642215770086
2.48047693487028,5.45377549368638,6,69.3257107745911,42.3815381044177,-70,1.30090882289788
2.0620249000016,12.3158908935625,2,56.9998821670554,10.4358909589641,-97.8126821442043,2.97026037279622
2.71834831135947,13.4898385077682,11,68.0363056335113,2.20466807880565,-91.5888927331326,3.59318743002037
1.01955000031748,24.0679106545217,8,92.4237683664626,22.7842959353328,-96.7370935239965,1.76999479312603
1.90115088701292,19.5742587642054,3,74.9717333045897,80.2513337677931,-82.859518061897,3.30912445459062
1.3960772573701,14.7145964204276,7,27.5362840510425,106.429744762457,-87.4481076321233,4.97348961485619
3.45400401536468,21.5468103891471,1,33.3982985338564,31.0877184384628,-93.2726228733012,5
2.41260944711425,9.77632075795186,10,47.5644252086639,47.0851774363762,-82.5789290618633,3.30589422874773
2.68948598895831,13.2586659483237,7,37.1481788692342,42.9345934428122,-100.057039353285,5
1.47090987100632,22.0628058036465,15,48.4210006688574,0,-88.8057932272777,4.46808869297784
1.76569220944969,22.511914642914,3,74.5622553938727,35.6135194990557,-87.9955824371266,3.55399767123604
1.86376529537491,18.6518799726864,12,39.3726832963224,10.0782904974207,-74.2614876139637,5
2.54921230894431,17.4537613595169,9,44.2779039891049,12.8890789996062,-84.613724225379,5
1.86106403360618,12.069369302118,8,45.4478869012762,23.9650262807173,-89.6693929299774,3.29489013284966
2.35077072908164,18.7244982521214,11,63.4904633717473,0,-103.417460803221,4.62190173350396
0.974091850044425,10.8592251509717,13,70.7368000025125,0.61831756558993,-104.709084069347,0.996924063757787
1.82307500111278,17.8726036582471,4,47.0107495419116,60.2486086711046,-84.0936904862642,4.62065906934731
1.58820673742157,16.4092069132263,13,43.6583731217696,34.8317137006021,-97.0018361917374,3.97956697449417
1.2114714886004,20.6965313451525,3,68.6718934739716,9.36377413400688,-92.4119071121583,2.43411157696612
2.25398732545297,12.8706607721415,4,64.4656817800405,16.3656632344233,-98.6941696840582,3.00007750372732
2.14099203183528,18.1806994570148,5,59.7636962671029,0,-88.1839681877517,4.34207109019203
2.01673994112223,18.9658904069479,11,100,2.10444352026155,-87.7212015558993,2.54995124684257
1.33316102828595,10.5081144294963,4,50.6340151558806,6.68013149381184,-72.5528006649373,1.84447926228325
2.56374613917079,15.7812242213877,9,56.8254986907079,22.554983461499,-71.8212586995905,4.74658426248442
2.17508970530166,22.9862695563879,10,48.329380222346,53.5184247330525,-79.3836709540354,5
1.85046698483351,15.5621985529687,9,62.328421820032,29.1583441196002,-79.1601461440301,3.08017153788387
2.01144489637581,13.4568753272649,10,39.5000161216379,26.8095476666965,-101.696720091355,4.56839698745759
1.86900228251695,17.2832980455758,3,70.1541348232235,0,-77.2422653115591,3.0696716193088
1.12489381577661,13.6244958471617,12,86.5820447332309,69.1448031036246,-99.4157239797882,1.18008386679306
1.85717451420234,17.2157180439189,8,51.7057613727494,39.4191164644315,-105.994504156286,4.12237655869301
1.58431674421619,14.3261743663858,11,48.633505505613,52.6419096680538,-70,3.11132523326003
1.51039684741635,14.9083588513066,4,38.7306918630926,38.7716101480897,-86.8133268793228,3.87591633852231
1.421799172168,17.3039471250361,8,40.5285188345954,62.3084405109214,-96.6293667585108,4.04698360645312
1.73322144534201,21.8115773217115,12,20,90.5010696221351,-89.9207410543978,5
0.99868213205847,17.2593728369035,12,48.9255990316703,12.7346630976129,-89.3099058089973,2.34868556936739
2.48211471131581,23.2419182852308,8,32.3731186800142,51.7024232416729,-110,5
2.26003005072773,4.85819019573618,1,75.1178286741714,57.1719956966072,-97.155500640528,0.974438516865689
1.98998607417873,12.7537159427754,4,53.1168310107995,29.6493235597908,-84.7068054663262,3.18539549356704
1.98261445698576,16.1799660085597,9,51.0986536141287,106.477652689873,-89.6445968884867,4.18518979180292
1.60091820771793,10.8241351810836,11,77.9710488548695,0,-106.628948564473,1.48162301680728
2.50934264106429,8.62022418295891,10,20,10.5548318899703,-94.9149232988295,5
1.93339126024613,18.0851754064029,6,56.5930812388593,33.1159180621679,-91.5006687869399,4.11896287264985
1.64273491810642,18.0635075185364,15,28.8419445769786,31.0480401245914,-89.1866765339534,5
2.67569288421333,16.4469057764744,8,37.132616781088,21.0886450486654,-106.787769712891,5
1.88761447197371,16.9765806118423,11,55.1688158007513,10.8117800326271,-87.4466391287805,3.8723856079948
1.7054854846396,10.647185789715,6,67.8338860802974,62.9834925586261,-74.7094865641965,1.78461649635551
1.85312320113229,12.5115581089789,4,33.2675517858924,27.5838669333575,-105.927266022625,4.64626086970743
1.57603687818103,14.4666409147192,11,61.0629649074915,0,-85.6120971017946,2.48922945023947
1.43993584937814,11.5608543228607,12,79.1681863779065,98.5135120596694,-76.5634858294114,1.40181633983311
3.26299984605915,16.6594043849071,15,32.8983564248678,66.4863340465207,-86.1965229171616,5
2.82774879644367,26.8261237129946,6,30.1575476673194,89.5536682866224,-84.109357451653,5
2.15376757961913,12.5888464076512,1,49.7660116560472,28.9300780390415,-94.7503820818127,3.63212406156445
1.37144082032397,18.2372410335038,14,62.538214695638,106.632969374886,-91.8518903468882,2.66624142535993
1.5672659847226,9.82787641382917,9,50.0299843402096,66.7870843368866,-101.447154235032,2.05248867035556
1.91173294288427,21.6977729895206,3,33.6734652486415,0,-91.2150606146283,5
2.39570803081432,10.1542982208559,6,52.3029507239628,0,-95.5261797583452,3.1007471482028
1.33399778934238,16.043578006361,5,54.14137329731,53.3452246201416,-96.5803277562509,2.63533490073612
0.835066422097462,11.9070332231973,13,41.1087638173482,25.3524816605462,-75.5274900197635,1.61249698088219
1.27545135358063,17.5600782186823,10,27.5902051463158,24.2475092557081,-91.1705736462724,5
2.1667554165329,15.0567708555041,9,58.7071592524456,72.9907822538361,-83.7006520997543,3.70475426643974
2.19567680221645,14.7800568686665,9,50.3417726791378,98.0875613334929,-86.2469280389748,4.29758777186373
2.22583970946412,29.7454627065779,5,42.7402874227622,45.6494134563331,-100.148873356927,5
1.93485767342714,11.8497690323633,12,37.375250478406,35.0932629086904,-108.898582159862,4.08962548694339
2.09184454793097,14.765603002309,9,39.9935003074538,120.037240949432,-104.337564920576,5
1.76192349169046,28.4151275538587,7,32.6561365365985,29.5728827506082,-87.2405897728461,5
2.43101080577846,9.26654656910478,7,29.1981368677009,11.9780327056185,-93.0120802536425,5
1.31915276456462,17.7649937273313,8,75.3086294369803,6.19801684285988,-82.4049709111579,2.07455115153773
2.22751477822217,9.6177079545375,4,45.1708428491838,0.573216658847105,-93.7994748488345,3.16186065317786
1.57564531003317,20.153197920434,11,20,33.2678024747666,-103.223029304805,5
1.83255653051798,16.637649062381,14,40.2351823270409,0,-89.036684228957,5
2.27639167297228,18.2606240563497,15,71.2076864861646,0,-78.9895208408886,3.8917458302977
2.51954532675248,13.6056944180609,10,39.2369205657995,0,-87.3458116784363,5
1.4411806583674,16.2259579686201,5,85.5467534885369,47.4480866257534,-91.8595535925263,1.82235918444223
2.63032935456045,22.3625673941079,9,34.4096241595532,73.6513121098027,-94.2093316422672,5
2.33007157052349,3.62449228826299,4,34.9405615370669,78.1040876634385,-77.3187788564216,1.61137010338809
1.96606722322866,6.83354637539379,6,29.3373325467433,122.514545272056,-80.8569284355225,3.05304092789584
1.90238940105062,17.0773446848938,5,73.2767703699295,0,-94.2965145551113,2.95571246409281
1.8911968249284,11.7261557407099,5,38.3978787322916,84.5813693727354,-103.46393843148,3.85029403317823
1.84844618932413,13.518258422967,10,58.3460477570614,33.2672089016475,-99.1355036378216,2.85512320929033
2.01152281221255,7.51540561776223,4,20,11.2887109566575,-86.6667330584279,5
2.02564517792439,10.4758277633615,11,38.5464908978255,12.9448129570551,-100.925887664108,3.67008072578607
2.4130313951058,12.979092274844,11,63.184640833557,65.5849854017235,-93.8695110832466,3.30449053504158
2.76348834336669,11.3710091697552,12,24.3919680445726,55.9900009326012,-91.2243517768057,5
2.23345721784235,10.6675748732019,8,51.0024810035245,0,-96.5977752261591,3.11430236707898
1.89514333080563,12.8907660977901,10,60.9680587524055,70.9878559493412,-96.2447743910361,2.67132767541041
2.31259517854381,10.2866683785969,15,85.5689342534499,63.0092905469855,-92.2631248255771,1.85339067292507
2.09161363150072,21.7094185862897,8,62.8217434901496,20.546709404915,-95.5084095365233,4.81868360903404
1.48511622821669,10.0578264385257,7,68.9340675693742,0,-103.422650824149,1.44457274331099
2.47461091556551,24.0897134382174,15,42.9149001128593,0,-82.6341075158524,5
2.15353095957335,13.1278169674602,1,38.4236565066953,0,-99.1954887401924,4.90516569588003
2.06758747104973,7.74129640041309,6,51.1294663422808,27.9914117346509,-79.6496070502078,2.08696453561335
2.25762316776242,11.9065909621627,15,32.1335461326159,14.4534399130606,-93.4340737040733,5
2.13070316202769,19.6725048114778,6,72.4415574098252,17.5221955611583,-93.0788285764307,3.85747902222173
1.52925711452228,20.2796462824636,6,65.5165753691948,38.8545879838289,-77.0442917439778,3.15571982435402
1.91883116359809,15.8011363837432,3,69.2499123869318,18.107000597614,-87.3891144271821,2.91886895528759
1.92697268283424,16.4370016012158,11,75.2156811448714,0,-94.0227240151798,2.80736255978674
1.73399431159559,18.1645278852062,1,47.841629682695,6.05162838810525,-98.2695564680502,4.38909073327548
2.84105179733159,7.70479065458194,5,38.4568490477697,9.0661275334712,-95.1721707716599,3.79467895043837
1.56213532691999,12.0914513726641,10,60.5126520746806,0,-86.000906330536,2.08094039790367
1.75809247494494,5.84925338948277,8,73.0391939111556,65.4271142458939,-81.5286576688213,0.938631057055445
1.64399772548629,12.7544846007529,10,67.1675772660243,0,-89.5198904329772,2.0811969630665
1.41289383427159,19.7463735180066,9,68.9115239868047,46.8850752206466,-94.929230754757,2.69906761392164
1.90388024123036,18.5872070472239,11,80.1226086663586,18.2076361268529,-86.6456292482038,2.94447196414744
1.8629648850337,26.4391430283538,3,55.9067588914156,15.4299469236398,-83.2878555134885,5
2.76503625721205,15.8336383167485,9,74.0819387058992,55.906240438919,-94.2166235229,3.93983426047545
1.87548762874314,4.21754624150131,2,49.7630838783038,17.8587116616869,-75.5687349723784,1.05968188773988
1.46789329355534,23.4469965371333,11,65.7900070696505,20.9264826762734,-93.6428099127241,3.48763087322526
2.80172864906002,21.4114037354628,7,21.9283558907503,0,-81.0171184936053,5
2.61733957344539,12.0868451782637,11,80.8421210499273,75.030380029045,-80.3165617186933,2.60881974168223
1.88518677451841,16.113072403168,6,20,69.6647515531251,-89.4337257363964,5
1.24692014801014,18.897257364312,9,54.1131307689467,57.4574901688787,-90.8466646591768,2.9029763651149
1.77768609177651,16.9235357879286,12,43.0758018221232,51.2501716830299,-81.2798958897585,4.65609196212051
1.92202948213762,18.4818346144166,1,26.8203431175196,59.0574816977433,-108.036553272606,5
2.13803412696577,14.436422204131,1,56.7165267192448,57.7701545722636,-89.6625992316369,3.62805048535589
1.86941817711176,14.8058814953597,1,56.6448612097724,45.7640248246989,-89.3086139048671,3.25753397624627
2.22171095645205,15.4404431455646,11,78.2241872207763,55.2649654386782,-86.3441322139298,2.92358011230441
2.19594710471622,11.0517201339183,10,52.7372584925981,1.63586440828583,-98.8485969495121,3.06791232914494
1.3746605465868,22.1148030939957,5,61.5525626811646,31.1738664168426,-104.101753660256,3.29261647656836
1.52601953883428,15.0316584206481,14,54.8617597192362,52.0150763158331,-110,2.78744302873062
1.62944695302979,18.4324042391697,9,79.3534225100497,0.980694783732133,-84.5489831665604,2.52327910374416
1.74609122486091,10.7253318317581,2,72.6110799684661,30.0305748844747,-79.2199365679984,1.71942608972692
1.83971224669988,9.62382341260959,4,50.2130632209701,22.4995474694962,-94.4433036121724,2.35065866085366
2.00623452068081,14.5451637440318,2,52.4866738327036,79.6569694613544,-70,3.70646584886713
0.485411329297927,13.7361408353051,12,85.5886227372842,48.8995316501267,-96.4097541836071,0.519358622602253
1.77149267956421,20.9741190931707,6,45.2105546054018,73.7788964016155,-103.112815893681,5
2.62122420319537,18.0303185468213,3,67.1598494345608,54.9068036196618,-91.456880610969,4.69144464181693
1.46664930050763,17.7025721458105,6,32.4329043740188,70.3693523925554,-88.9421496410222,5
2.46686408133562,7.77530290392551,5,34.7610796136703,26.2201106384839,-83.1764770227734,3.6785615154207
2.17516050067806,10.1615309614637,11,67.2556540505345,34.6061123418273,-88.7896020163562,2.19093954115097
1.98549711814564,16.0102566910876,10,62.9661028809814,4.87372038749127,-97.6362114714166,3.36565411827086
2.09122608375299,13.2606101345745,9,71.1618454084038,45.5028985908216,-105.230230716927,2.59792155386558
1.21747199292464,21.4504399507769,10,37.3361722503036,152.970914316439,-95.8669293201739,4.66309359922315
1.95773026009114,21.7057690943996,8,70.3597883658612,33.9034544628041,-103.637439447419,4.02635671705871
2.80197317530144,12.0960115529978,4,53.4385134900191,28.1762144351246,-82.7640520855568,4.22824883978935
2.04917388732005,19.3756780099584,10,49.0505182303235,64.3302270642239,-91.0362757713352,5
2.02068680674481,21.9772494346639,5,83.7829093858418,0,-108.530058182322,3.53366721261728
1.63291544365163,16.6049261097655,4,78.7408898501006,75.1291341791608,-86.344053251942,2.2956679252629
1.98459313499384,23.1169122920992,4,20,0,-99.2240810683876,5
2.11617350631224,20.3121665455436,11,57.1297825922934,52.7002864967932,-76.4962246634655,5
2.21319377870447,16.0705261901729,12,32.9951690753218,41.0638768425761,-89.4780213332752,5
1.81359562913825,19.3840160098299,1,44.008979219728,27.3189903209383,-87.7076673116656,5
1.88177270812141,15.9720350564554,7,37.3150281351954,1.30887072642447,-97.8737933665714,5
3.01184544330153,12.9255392011616,9,82.4895472584477,46.6924687992466,-84.769835969623,3.14623510000714
0.870823014751904,16.7922936719759,6,74.8214026421487,74.9823963349239,-89.3509696116652,1.30293519266298
3.11472284022845,15.1811133402206,11,61.105610849306,57.3057296256543,-87.83832867936,5
2.16878185030655,13.1768441595544,9,64.0683523103001,85.8436661544227,-93.2027339259317,2.97366790592128
2.50003040979456,23.8550978350914,7,59.163266781756,0,-83.5661999723794,5
1.16791776250647,16.1063653385776,6,63.6796798038619,30.7704992291087,-110,1.96932629333588
1.70498271789739,28.6518879243402,11,55.0257915912343,0,-88.3431965214295,5
1.86096791811735,13.5191730832642,11,46.4299220940109,34.5854200417123,-79.5179344484675,3.61243299618853
2.21135784561024,17.821477759675,10,60.1545166045515,51.6652701693312,-91.9066664562829,4.36760384076671
1.16489965107476,22.9131033152361,7,43.8020176365481,0,-84.2186642080491,4.06244087938808
2.23581716320815,28.6461506160519,12,42.1125950777047,81.3130032388976,-95.9549525720555,5
1.39357640016277,16.5178214042052,4,44.6052291533789,11.0057448734654,-88.2725178254385,3.44038079957719
2.03309502421231,11.0487076070106,9,48.2373965568507,54.9372418557282,-95.8397690601097,3.10451697413034
2.32617794433069,19.0169011625331,14,50.1605854884789,16.0921052774886,-78.5497413967507,5
2.16352998358854,8.40048648820656,7,100,0,-85.3005716437363,1.21164695959769
2.54131675211838,13.6307712018672,5,25.5351388466641,0.513395129626744,-76.2407322777339,5
2.50303855540953,16.3593346080129,15,28.5649878690583,0,-90.4175988227444,5
1.67454613170112,22.4477675389304,7,54.9211729082636,90.830149531193,-90.5930923342979,4.56288170932175
2.12852807871698,22.1857076239491,10,48.9877704540425,0,-86.8669592867177,5
1.52781109679789,14.8621930171975,5,35.3969874939966,0,-75.5160929531787,4.27656419787655
1.33910573930372,19.6196565756326,9,56.5397425159652,0,-110,3.09785572112441
2.46241296674685,13.393597900171,10,65.059818265644,0,-106.765539560304,3.3795123749155
2.00002492453763,18.3056244307521,8,26.9255690698174,0,-77.3324681974555,5
1.9725405426953,24.5764696926958,9,41.8426590044325,54.087453612399,-71.0646547097382,5
2.45556363282693,15.7837980490858,13,24.2418713763771,31.6177081829567,-92.0477382308847,5
2.29729184870453,13.4973177102799,2,51.6715537416542,0,-76.4618657066164,4.00056068376686
2.17510058693727,12.4998261126508,9,53.2759860101064,0,-70,3.40220565279109
2.6251256141525,18.5823569028572,1,63.6514942706706,0,-88.1030401562822,5
2.46489472927886,21.6864436352113,8,28.2726476953112,18.8617824145471,-94.5552702173029,5
2.11988162852929,25.6283997342847,15,55.9498475696063,0,-94.7719400689962,5
1.65481944844439,15.270228922188,12,47.1338348882074,46.2691937081831,-92.5612953317431,3.57414468291114
1.67422317912486,15.8151795901608,8,77.839073204244,26.4069579449183,-82.0132612171622,2.26776768717796
2.59605093526564,11.83646629765,7,56.1349474665721,16.3095031752771,-91.7064718637171,3.64930948117514
1.19408480566109,23.0599574635767,10,39.2563159643346,56.0890307851091,-70,4.6761978125957
1.98776903168204,14.6227563790646,12,45.4213551469838,43.8297951479772,-93.3968120642102,4.26622561040956
1.02557641155055,12.6338142833432,8,39.2755919527901,16.2125723914529,-97.158560082814,2.1993204553915
2.51024900722633,25.9212039342861,14,78.7804254423533,31.2314378491431,-84.5548033389238,5
2.43085815119671,19.0494055313648,5,39.7780062407024,24.6660857845362,-87.6468908096708,5
2.00058104174176,18.5817140213863,1,20,4.95850608594652,-85.3747373150618,5
1.96458139341976,9.97214432768193,5,45.9751395607996,74.4575893317327,-110,2.84082359666753
0.756858039648361,17.1699330661612,7,72.8700682055572,78.086650367871,-91.5000252286218,1.18889252257324
2.29058616133796,17.6007179631246,7,63.2658216177666,32.8952742724839,-108.335254745714,4.24831396216037
0.903782540017048,9.5387774132918,5,53.2816873154187,0,-88.1466123825877,1.07866710103822
0.840359846678349,13.8710277409873,13,85.7081101832524,0,-82.3501093334364,0.90669402780858
2.03996685514922,12.9753911172541,2,38.2457704526942,40.0401686855998,-78.2042097382868,4.61390762926071
1.52575950821475,17.6392960770998,6,55.1807261550658,19.4151116321176,-82.4703224995301,3.2515367331001
2.20574531071169,9.9651856794241,4,32.5633296904417,0,-85.1592245964698,4.50008476645698
2.33848890284201,20.4451338530217,6,34.2416693346463,35.2806713184593,-82.2456240263069,5
2.42886627260268,23.9243735581069,5,43.1132051986264,0,-90.5666129702296,5
1.6544204373085,13.4812273994019,10,62.9523418217258,43.616822172912,-90.3850141243387,2.36195800231815
2.22468881158343,14.9565168425313,4,91.0825348836107,0,-79.7955252806476,2.43541719037991
2.05031667515754,17.5331751326758,5,65.9788349406019,0,-79.1271610721502,3.63233263872632
2.41303499923496,21.0162599434262,8,28.578450788607,21.6751768798203,-94.708302223424,5
2.26807853996296,17.6100886484936,12,45.8968902140958,0,-107.972797404856,5
2.44894421299254,16.9852304614854,1,38.9111379019966,91.2447646995017,-110,5
1.93403106603771,12.5859457984047,15,44.1411380256564,84.9067880386972,-106.225785731948,3.67633025311269
1.92639927192437,13.8425140275694,4,73.6046396223846,5.51528372552505,-100.000719054248,2.41526522251122
2.50388670265272,18.0669260616673,11,57.5479012906353,0,-85.5288244143365,5
0.938172268792125,23.4142526816603,12,69.8314871527078,21.3441840239662,-97.7584091119769,2.09710580485358
1.747706797243,17.8419678691976,13,62.0690376889589,17.3567015307178,-90.8533439284983,3.34923065049491
1.36470277509567,8.96985372875549,6,34.1422775617967,85.4126971187561,-86.3060903058767,2.39022997292796
1.80870759864618,17.1653019448162,8,68.6163610524071,16.0681870105854,-103.862108538609,3.01648290917403
2.32433963102431,14.5393962575012,7,22.9922333100794,78.2204392311094,-98.502498195405,5
2.41286357462088,13.779725310173,6,65.9957895297027,79.4897393080014,-97.4938164562939,3.35865843423578
1.49252817865993,13.9040566847668,9,61.9927484288454,130.788941554963,-98.0178941914035,2.23167998684218
1.76446504365842,10.6011664180568,9,72.0085775747262,14.8219945814421,-94.3924941882139,1.73177401884337
2.06851243706503,13.3959783745546,7,21.605163532035,10.9892583655997,-82.1282052697542,5
1.85406831212321,11.0779235312218,9,45.9272781274494,97.0290138931144,-95.0747104631613,2.98141290910173
2.1509092776305,13.1751873603047,15,50.3582613439368,0.465239918173602,-83.0568949729269,3.75160327508162
2.1999654714779,15.5863528619677,8,52.0070287874226,0,-86.5967299412984,4.39548767696472
1.53501922052994,15.8716984438574,11,67.5271320970596,33.4691326832538,-88.0814415617677,2.40529116886505
1.91158486703538,13.9217179347841,6,64.0138841523749,50.0103002184538,-80.2496759424008,2.77153888094251
0.933952700419233,14.2369426018769,6,63.0403154017223,15.4807667898944,-70,1.4061510642308
2.57268085525924,15.1684410993177,7,53.5706077810724,15.972318071657,-75.3266718433881,4.85633940410258
1.68545461950292,17.291411027499,10,83.5202080111068,0,-105.840338271803,2.32629438136666
1.39807501299889,21.408156104404,5,43.4980511870267,98.9121572215743,-84.7008814033914,4.58721058486923
1.87302765828859,18.1004502577913,1,52.022956680547,38.0548860530027,-102.468443305244,4.34457479589292
1.28567656768395,13.5666306876977,8,38.466155423643,8.09252831274436,-110,3.0229689771863
1.9895711911492,17.9900785712561,6,48.7694378044085,46.0724945570226,-102.107088686226,4.89275574529947
1.71966750173591,13.7723366232345,9,64.5117552582529,63.3758003518349,-110,2.447496028089
3.08888935459208,6.09631412436477,8,25.4531634177598,0,-101.31275018794,4.93215440242962
2.5692326936648,3.26380385527516,11,53.818611921916,39.0105284035294,-76.4570309961362,1.03873254638481
0.751556748407749,6.43202350588812,12,35.3036324580019,10.7052108174026,-94.764870319286,0.912848590961694
2.2206634658638,13.8143636951645,3,65.7676904242954,96.0286139809133,-70,3.1096376314972
1.30093106209446,11.9018709258404,2,20,36.357030031957,-86.0918292566125,5
1.8724724100596,11.3991981017135,10,20,0,-79.9600271177391,5
2.08220203665936,15.2032858681609,9,82.485870559079,25.5574609299268,-91.4599391250629,2.55852407077209
2.37386701440406,11.7050928570822,4,47.0115987608881,47.9620391503071,-92.7957834885813,3.94035153966886
1.86347652529855,11.8474248358576,13,20,114.023335026263,-97.8336800674282,5
2.78815007327304,18.0481254559063,8,20,31.5826987232307,-88.3918345537439,5
1.75953142411058,18.9116748524943,8,48.2615662253241,52.8629032440456,-104.829353376464,4.59657498200087
2.16375606041484,27.182921790379,9,56.1477218214241,78.0290460598089,-98.5006648770185,5
2.3323670603138,16.5120370826885,11,56.7509122582836,50.3508788747908,-100.692245789425,4.52411304744812
2.04259429636058,15.2915992694432,14,71.3398351998906,0,-88.3166167835487,2.91884922941754
2.44047639269052,12.1293301880314,7,56.6588303909007,23.5574178287611,-74.8409818042616,3.48299271020523
2.1616065689238,14.0239379947445,1,48.5303269738856,3.68700214946355,-70,4.16430142852488
1.60792690816796,14.7473436123722,12,70.9551366594085,58.2700734169485,-107.557021592393,2.22794775541575
1.09731332430696,6.22112479635706,4,91.1772577358163,91.612686442554,-86.5325268183238,0.5
2.92929647427785,13.7132118820902,13,50.5338670050391,29.1223341425473,-96.5410148504177,5
1.69773495561277,18.7477094268556,6,45.1895142564838,72.1904697351948,-100.814781112508,4.69557922235276
2.05167986115532,12.1461784550012,14,70.7695036770047,2.12968711062067,-88.966197657006,2.34753374747981
2.28158347757299,17.4711668797656,5,39.8554941252476,36.3720555998499,-94.7186439400609,5
2.056798498367,19.9572021941263,4,20.3384059271878,22.9411945923007,-89.4888118847056,5
1.54763689360098,20.3857005671709,12,47.8702417534656,95.2103684164886,-82.3149423272184,4.3937752201237
1.76614270877407,18.884208991035,3,54.9052787311579,41.7585569210795,-99.3548053743461,4.04966623625757
1.93755502638845,3.70079824234503,11,52.9158606471227,60.7085266450178,-91.5271059968165,0.903383868707178
2.73947924575201,12.1781165443479,10,27.6382916914989,16.3525357349059,-107.003572334734,5
1.56959215499652,19.5074571754646,7,38.0611771746375,4.66389439117653,-93.8325254707782,5
2.39233423364391,16.9733776578415,7,36.4102369508158,45.788118962035,-80.111481959669,5
2.15431156997426,15.0242721185946,15,69.1010889843677,0,-107.456983707536,3.12266793777565
1.88306997893542,17.1845931401408,7,47.3839891628618,0,-86.0914901519811,4.55284467941216
1.47151362701993,20.6503635999834,7,62.988083557412,17.91530423838,-103.520000061454,3.21619473865452
1.85792952268692,15.7688537054538,4,61.9703007685742,93.9669792224001,-87.8100574596941,3.15176985049701
1.95665485877035,11.2068642162833,5,46.1499888882231,14.3071558355896,-94.502916526753,3.16763750091477
1.26530246275682,14.0991845143836,6,20,38.833137637072,-92.7852866220803,5
2.09609112243539,13.9610520694601,15,57.2587654035599,6.25112550368947,-106.03888771303,3.40717991343374
1.58885336185491,19.4837264396692,6,64.0789919797361,0,-99.1106858636862,3.22068989109769
1.95287970602014,17.0615385102027,5,34.9480611006479,30.0170837182718,-91.9302132082321,5
2.16810667047712,17.7375984361473,6,49.6616505881591,97.7463958541704,-89.2832113595102,5
1.54767297037658,15.7391752177448,11,41.166716364551,16.7388678532154,-91.9131338520895,3.94478812200502
1.85587181939715,13.1886642231822,3,84.0266960083362,0,-96.4122962367425,1.94195983181877
2.17503137876709,15.305706475103,11,49.3886155933053,0,-76.7144532117113,4.49366606151779
1.08207042874785,16.0835277526019,3,54.0783551019091,44.5675949446364,-91.9446341605727,2.14546833488055
2.51798795412274,8.00938793441123,7,29.043795442694,13.1867482203165,-97.7589687139538,4.62922563008586
3.21223057246968,15.8943518649313,1,35.2925928091998,69.3448674167815,-97.5864712520922,5
2.47970025470399,19.637921091028,10,22.868748048064,18.969392885262,-90.755986653472,5
1.8421140024953,14.4491103214547,11,64.5717115678349,0,-80.7099582066703,2.74804635037837
2.2143113399297,22.861989393865,5,62.1437370843822,12.4211494479548,-94.2456752760304,5
1.4820076107433,17.8024530699807,9,33.4342923018999,58.4769788712123,-81.2843442756694,5
2.93893273024793,12.8982769718626,9,100,71.0590444988507,-87.734755446112,2.527144557094
2.47035220167607,14.230273051671,13,68.3827081818867,81.3973830372613,-95.6332601055653,3.42716136854791
2.39367288996762,13.6240070328922,9,58.1157807648423,70.028812376083,-98.172222083677,3.74097085257216
1.56206286902166,16.2056022738954,12,88.3236778337885,72.9356538509501,-88.2265595401553,1.91071221994948
2.15997456719117,18.7734319687232,8,20,105.761299978814,-91.0332701649673,5
1.72085285757455,13.5404505010754,5,48.1787317920473,91.3772952155226,-99.0499058954036,3.22426128306246
1.84428529072655,17.292226899886,8,49.5063990739321,37.0235429147088,-97.9434264627919,4.29463669504475
1.71499504167891,23.7764431587222,7,53.9987209162616,10.9552891782759,-84.6087179705117,5
1.48713319218564,19.6574529577078,12,29.2337067362498,18.8100559891141,-84.7833608310133,5
1.54562720656284,19.1263222071492,8,60.5873366850303,58.1052141894805,-93.1140039517045,3.25284298472455
1.8950513329722,10.9259643302636,5,20,78.3269933765092,-81.7387229645787,5
1.15056795791369,12.3289791050766,7,52.1483276915658,20.0976278421721,-93.4994065897314,1.81345902352337
2.30380028792304,16.2127582953116,13,58.7781882706738,90.5068194997511,-91.1550268995056,4.23637388036576
1.94110085536602,14.4967602546397,6,49.1801318517767,1.00211474699202,-77.6517828170432,3.81450430906082
2.34958016682208,6.87475775260887,5,57.2861835302137,11.3867548470198,-95.3992098645884,1.87977780700727
2.1348243208583,7.4278842384894,12,34.7260475677908,14.5219649364452,-110,3.04425237643133
2.24714352768971,20.130946962761,8,60.9904810379864,3.52198415151466,-102.888801541503,4.94471994140181
1.25843948874205,11.2093626202055,7,42.5072475888483,64.7960515052057,-87.0915124372237,2.21237637737121
1.48986780715852,25.3917239455642,5,20,22.5165638808221,-92.1579224331926,5
1.77650249462774,3.89006697394851,2,43.795427984478,104.061490382453,-70,1.05196881676596
2.0548292956638,17.2438181925812,9,37.6011393598831,29.7548589467439,-104.150766159341,5
2.56436822601414,15.0031305770355,7,29.5081762839008,104.651210193225,-92.4386900905094,5
1.85501847959999,11.2188034544266,9,60.0999702111606,0,-89.5974929921482,2.30849673234357
2.63077535907057,17.0216241306734,2,50.8094622677484,44.47267052968,-103.738294298019,5
2.23771240585364,11.0307356235911,13,44.9053953961094,41.3393391689788,-79.2081268516293,3.66453573976549
2.58705837574686,19.2989159786648,10,39.0452816293717,107.40755853599,-82.5606884050166,5
2.06347353402182,15.3343460530851,2,83.5318789945829,40.468959900302,-74.5713934990185,2.52534462474502
1.67159203552596,6.8030630315107,12,73.4600575402691,101.166462051499,-83.124778532564,1.03202986415854
1.25930046421061,2.87625043313896,6,46.2187737192962,105.709434044702,-110,0.522451984214034
2.07774449795195,13.580850368486,9,51.7314528626234,5.18736913993872,-99.6705315260173,3.63641273914654
2.4092756842605,20.7290314948432,9,80.2512020256859,0,-86.8820957179979,4.14880195171914
1.8537059345828,15.9058464477295,4,85.8654144036143,64.3277605359299,-98.1506894286715,2.28922297834799
1.72960679175574,15.2712511427231,1,72.0524108842933,0,-87.1662954851786,2.44389321337007
1.84567909235994,18.4387682713738,10,43.483050888769,23.7138722360572,-90.6623786471777,5
1.45170334923726,8.03296349007732,7,38.343701583679,7.15084872262242,-95.4749678441898,2.0275350789832
1.75349509234177,22.1268286809351,6,65.0317447331714,34.0324262628752,-89.3194375209763,3.97747137804799
1.90963032179248,10.5307442107057,10,32.7253136467546,53.856996760289,-84.8702626378947,4.09669176851388
2.02292055285685,15.1888234997709,5,28.5824884010371,58.4881503321073,-78.5690394834344,5
1.96810843998883,13.1821535590542,11,42.8952640263566,35.4256532552526,-98.9394511741391,4.03213241456562
2.30566759703262,15.7477824123028,9,69.1175914377545,0,-95.7177243807703,3.50216212475766
2.05465884688744,5.27740946918806,4,53.1856330411583,0,-97.2064302235053,1.35917357558116
2.90700772514019,22.6194744726826,11,54.8988361526504,41.692110334231,-81.5210398970385,5
2.15601191416464,17.7290508403173,10,72.4949935433413,0,-74.2737314604794,3.51509743135595
2.90224688586209,25.0496374726085,13,54.6925583659639,0,-79.4427898068276,5
1.63843926021479,22.0833533042903,4,27.2287504154268,0,-76.5898623313682,5
2.26327351887478,15.0574033277727,4,66.8418727697689,16.8821295917106,-87.5072462655627,3.39896941868033
1.86987456914694,10.3047533945973,9,59.5268367230843,49.4088525730839,-98.017058392713,2.15797303923323
2.30007125440431,6.30545805992771,11,48.2322062086949,124.590009252793,-83.2025214605457,2.00460839613252
2.29696539782438,15.0848548578453,11,41.7392874222462,29.8349201259279,-72.7362016195824,5
0.906989193625882,16.0957954679177,8,39.1083338586904,0,-84.9394049376583,2.48859362558769
1.33647842523985,20.2291030506804,7,49.5198662809023,11.858047488507,-80.7078853861872,3.63971900837094
1.27949320118054,10.2450867301504,11,33.9897268558682,48.3288506210782,-105.434978313121,2.57107466074843
2.20092224851991,18.9739871143084,15,39.7561926912162,70.8738729867229,-84.2894407778637,5
2.73510064042426,15.357149049437,12,20.266492528548,11.6370090647377,-91.5392195250804,5
1.83659288560705,11.1315654886381,8,39.6271621864904,29.8156060587215,-84.4667142920012,3.43941762065269
2.4061615023204,18.8708092179806,6,36.1354189770883,77.4344684983918,-77.2321574039962,5
2.27277005176306,16.3282735898942,10,61.5530355375507,38.94957540324,-96.3941237685512,4.01934265716441
1.47418384523958,13.8244723453837,6,79.0993392444374,33.2156858582656,-74.9406516573669,1.7176556294229
2.19873349789765,24.386461124796,9,70.7096969967793,16.7572972955497,-99.433935733972,5
1.62405263065905,18.046197012206,11,70.9364697169143,14.6148726074583,-89.5916830654623,2.754387021516
2.75813344832298,14.4486306049842,12,63.5242108770384,72.3201425602541,-86.9304436883532,4.18226382286576
1.98371674540276,16.3872873578902,10,60.9318921960123,8.73361986242108,-79.3317692327526,3.55672923455797
2.81799982863915,15.4352295723618,14,64.9997734838309,28.1091806548016,-93.2314633339864,4.46119239689775
1.78747075469498,15.8679652571871,15,35.4032204842765,0,-99.3587414557919,5
2.29471668335911,17.2679557668554,1,66.664048909199,54.1498165172487,-75.8338588301124,3.96266221790023
1.96860438714084,11.9824098450585,1,26.0289911500264,39.9670451721075,-86.3735707180996,5
0.989020534974105,11.0148803600208,4,62.37546952273,47.6617503714541,-109.136778771099,1.16434050647359
1.50893423711048,16.8032444874685,1,33.3517472622113,28.9229520201,-86.8007757782505,5
2.30625564908347,24.4254583867075,7,30.5901037759658,0.316067206014338,-107.005867979921,5
1.97255693500566,13.465890846736,7,40.9297840778,26.5874013723485,-82.0908401168579,4.32647227021256
1.44063399877364,9.93638019531807,9,23.9458498956693,0,-76.1283341518447,3.98529381820079
1.68681073056643,13.8072724600947,9,50.3194959649302,16.4561707991476,-91.8277787486387,3.08565032285883
2.1247588702814,12.5799259435932,5,72.2131835547726,122.287589615032,-99.0839335684715,2.46762967834528
1.5034904967252,13.3632773915585,5,45.0125221602047,96.8925257425372,-77.7307015048966,2.97569944230226
2.48747511240566,17.3775899199205,11,59.9140326677349,64.7110237589074,-95.1070329940632,4.80981616656361
1.67964524663697,14.3499755442882,6,53.2407498620109,47.5225744450443,-98.1847195149377,3.01809776343499
2.90443131025963,12.0282335917116,3,74.2364196823036,63.0622143421578,-102.617705440615,3.13729015132911
1.46006687463059,12.7811654494749,8,46.8336883726398,45.5800308385562,-104.676480294553,2.6564006865413
2.09959472203763,8.3873517612859,9,55.8594207227925,67.2700070645602,-87.2422081330779,2.10170928639597
1.23948671911552,10.7023941688898,6,99.3542879669664,78.2305219551372,-93.3174631384068,0.890112593126585
1.63818443735546,7.93499413761966,11,72.9246753552315,0,-82.1151559115425,1.1883480082642
1.7033748424946,12.4200704981904,9,31.3231377100428,22.3604231900864,-90.5669396541989,4.50274933596322
2.2006681699094,9.57450951639141,7,72.3958411032382,28.9139665223495,-92.0968647255023,1.9402880988859
2.47106665961847,11.4642070461954,8,31.5154652250596,7.79524388129424,-107.214655139443,5
2.15024298379786,13.4917272712259,10,50.1981392004586,0,-97.7546390744596,3.85279778179545
1.8134646706845,8.9977974809978,6,55.7873371023328,80.8848112440155,-88.9557037395171,1.9499273124571
2.40774425404625,14.9031886687863,4,67.4000609014623,56.712533660029,-94.2814513762141,3.54926156883822
2.39944349607836,16.7018528209468,7,42.0547642061179,0,-77.2495315951585,5
2.06010264097818,10.1838450890048,9,60.7571555486364,0,-108.314305187739,2.30203515111094
2.28562381485724,20.5696129299029,10,85.3947337971109,47.0879717372346,-91.8119793905431,3.67035882147664
2.2063980051557,7.06947286987949,8,20,2.44646643991876,-88.8542442508951,5
1.50651905832424,13.0410267048729,6,28.4650375467467,0,-97.2235759714857,4.60133013789092
2.37978416295739,7.57656888509955,10,73.898817878495,20.1016819149895,-88.8799717249532,1.62660235169676
1.67139935045082,13.2768641591406,8,44.1210308641289,0,-73.3873250550471,3.35304074527008
1.69804075931192,8.3804204713502,11,49.2364437939317,63.984692107152,-100.50388785956,1.92679709635169
2.08847341116471,12.125825245825,8,68.4786913268599,122.262918926991,-93.5088151679921,2.46543492811581
1.84624826506862,11.2964663619537,8,94.4612229080418,0,-104.190805430441,1.47193248757511
1.93408982354205,9.07499062755707,8,23.9620918341244,63.5001138048319,-82.7206248527286,4.88322615098293
2.29767883694205,4.67569981759652,4,31.8201831831468,46.897299787144,-102.060546316735,2.25082645542937
2.52341639215262,17.8252990612641,4,48.449996608679,0,-98.5819422614704,5
1.90102068369408,25.0007118329651,4,50.0102089463987,68.4663182889331,-75.7704669404664,5
2.1638390819536,26.1166386011694,15,52.1371088466437,0,-81.765797022629,5
1.88084924770513,12.5391120705824,7,43.7507093232565,0,-97.5597018840793,3.59372146869531
2.11479844661016,14.769985327523,12,74.39293362922,0,-79.8345689471322,2.79914955209597
2.21999895241131,12.6712649708247,9,31.8087721462647,53.1265336270091,-96.5909606432629,5
1.69156703555539,15.3797371606283,15,54.0795326831939,46.4124090331322,-88.9397264968808,3.2071106024319
2.13741839345583,10.4061517792019,12,69.7949489324529,70.1061959944852,-71.6563322664231,2.12453771685639
2.30055101623415,5.40266735088378,3,57.5039915265396,49.6309219419431,-70,1.44095641995152
2.04615397561948,14.8177842849485,7,37.5574758183662,80.41418073661,-94.4315188759706,5
2.86492069578618,8.87437141282281,12,52.4110998741914,0,-90.3001097147032,3.23396766253948
1.69572127763084,5.48782841102863,9,43.652079146902,17.8197952855687,-79.6090931056692,1.42121178592685
1.6314701141511,26.871242754175,15,38.0063229378978,15.4718533666055,-83.9248813634221,5
1.12506034680619,13.8332714312108,8,77.0630782295941,27.6846240620321,-92.3302177698773,1.34636590452084
2.45524128982356,17.0194036964618,2,46.0466469101114,72.6873368188367,-92.0946976491576,5
2.43354127647366,20.9623429966907,10,38.4399607877215,2.94303049309384,-97.8402848720937,5
1.96005358047098,6.57620575729496,4,34.8806099191506,40.098142028277,-110,2.46358758641297
2.44923799468857,17.0657426497497,8,52.4239786097868,0,-91.5665167330525,5
2.09185171154562,17.5087260964451,12,20.0831723507692,0,-101.978686088106,5
2.14539506744223,15.4153217258212,9,20,67.6057976906487,-92.2794044918301,5
2.05647235851053,15.7889902598668,9,53.8579499047413,0,-70,4.01916796506825
2.21997609443622,12.3602874285025,7,24.2046083326237,86.5938333125011,-89.6611395978481,5
2.05083122185017,18.615303499144,7,42.003020808145,10.6359098138834,-74.9047230826263,5
3.39366761390672,10.75029173963,8,65.5080609083042,51.1106914938669,-101.107144747857,3.71281706006622
1.41666748490268,11.018079745834,1,68.4429996692076,0,-77.2442734314582,1.52038488449537
1.07285045865515,18.6266878556399,10,80.8907169263537,60.1923466964568,-106.736142131993,1.64696695067772
1.42965942766518,23.432722384908,12,29.8087547307085,29.9435780506695,-92.7992622363394,5
1.4533282718802,13.0680291525138,3,67.1341275689284,80.1624483093852,-87.0924651602656,1.88598922910985
1.78319535176259,12.4746079317376,2,56.505730806778,8.13022265293493,-83.7989728476496,2.62447278194385
1.91576506086228,17.0403694731261,10,75.0487751504201,0.585798351661829,-91.2426232686374,2.89992247445018
1.89073321998671,20.361780709307,2,54.4031716818771,0,-100.8222376882,4.71770229749258
2.27066721785969,19.8399144557389,1,66.3039336672233,108.988299491915,-102.176762121085,4.52963003028752
2.19463310192163,16.3507276637634,11,72.7884439620056,16.8115430000951,-97.2215736500109,3.28658838483864
2.37561449234417,11.827967322056,5,41.7657808821209,0,-100.191661561321,4.48512155035159
2.8891279496455,18.1488159016418,13,40.7786980427754,67.9426876710007,-95.7908613821715,5
2.6115312758669,14.6038312302421,3,23.4190276992053,30.9980973367594,-99.5052369120393,5
1.35837194769762,21.8847458280615,6,48.2499963603654,15.7651088371988,-77.5794259609216,4.10744415305983
0.835522741858329,7.95893755033378,9,57.1089197054238,50.6726975460745,-87.3008427172576,0.776279590956499
2.45096573347586,15.7061584165388,10,35.1372254445111,65.4991761834941,-87.1653284550076,5
1.0821806581324,21.4485969747018,10,51.440613686084,4.51286051195524,-98.3898397480762,3.0081622446868
2.03337845571843,12.5253185067035,9,42.8719327876223,34.4359019882504,-87.231884027209,3.96043303027001
2.01773974291879,11.8758752382669,7,41.3661643257749,17.573803524277,-86.7698783955224,3.86183987819652
3.11358403908394,10.3318285298495,6,65.5865636076384,6.87599968688354,-99.3604915242043,3.26987873080608
1.96539287298898,13.6063754309691,10,66.3264915321655,49.0209866159402,-101.891737466333,2.68790269483502
1.74633846769275,13.9973752030365,6,72.9660805219789,58.8546796482832,-109.349354839835,2.23338064197544
2.11790483628812,15.6837058163814,10,28.3008012400142,0,-81.2720672842666,5
2.12290242594692,10.5832557069245,12,47.2775545349805,74.4051013947752,-100.121483261015,3.16813047764884
2.0350226047084,15.4126896136213,1,63.1018345538495,35.9535910169771,-89.5326212804265,3.31370944387864
1.69570974496003,11.9806255097278,15,24.1307789961806,20.5585742057818,-89.1688908099834,5
1.38870330990669,13.1563586792047,5,88.5347997511497,0,-89.0878371993368,1.37575122215479
2.15825018039886,10.8091478871341,13,54.6650349573954,19.7115236191512,-96.3820454638196,2.84506606408124
1.32856538168903,13.5876247929588,14,39.0995530069537,27.2176091952683,-92.2635145906489,3.07796322140294
1.48390782796391,30,2,70.6562499394446,34.1519615675736,-93.0691472913225,4.20035829593472
2.66560794253249,30,9,57.5427310962536,12.5399540629786,-76.504290984143,5
1.79054840248508,20.7345892991258,15,52.1851066767765,67.0437999788497,-101.561835623905,4.74289672667033
1.92983913897182,18.9362876650705,7,36.3962340950332,92.7211408292336,-92.0591213482128,5
2.44991116444861,8.60931315404549,10,20,79.7451882303466,-79.3359776571243,5
1.84994449719216,12.0770344935938,9,30.7286455303239,20.7780290985002,-85.7893195658644,4.84712621686633
2.51468285605155,11.9029716788329,13,37.0873472608875,43.424152883049,-100.882093570499,5
1.82746701421634,17.6765052292224,12,59.0505555631063,46.2688509332771,-82.0684849183923,3.6469575292993
2.50640093213149,17.4149352644661,4,62.2899644374868,5.12803634634153,-110,4.6715722052544
2.31466729246571,15.5423754174019,6,34.2939869041699,29.5405109546358,-94.9258978882474,5
1.89349245867947,13.2985763716619,9,66.5635238603736,6.4112584799813,-74.3225292883966,2.52197726427816
1.56715134581974,10.370757900541,8,63.3483401734362,32.7502221331745,-85.0153928571749,1.71038916531536
1.47844584933119,15.0266084489743,15,47.4899823363003,94.4014831492715,-82.0839167630836,3.11869658932673
1.86496559367595,20.6957474547539,10,30.9754225778399,22.5186251106914,-90.9295305827992,5
1.78092932219893,17.1368062377096,10,67.8407999321506,0.769544528951261,-93.8021640847181,2.99912351152521
1.79566284260184,15.9051607465509,5,47.4055683961101,85.097540138808,-83.0408364004559,4.01644885815203
2.49177261760278,18.2873986935416,3,29.7302973719068,64.9227286602965,-70,5
1.85115142799531,17.9212280296281,11,55.0457403257497,8.9839338980023,-92.6839910522873,4.01785940954476
2.57183945538548,6.91774352260174,7,60.4717065299277,0.52008612960779,-75.6297929008929,1.96139393165182
1.73418994124647,15.0938717603049,11,20.7674073079354,86.4358102176775,-95.3930257180432,5
2.48628286400433,12.8701962085191,5,87.3281119322101,31.2548162507222,-94.3007182942091,2.44281385696694
1.73887475750323,4.82986367417802,12,20,37.4101880790815,-83.4926471508405,2.79950934173665
2.08828889732116,8.35723724081805,1,20,43.9712763173033,-99.0205261078318,5
2.48536891177734,13.4005719056942,14,74.4803825403455,4.83768268316824,-80.5772434041606,2.98113084085445
1.79301386251288,19.1271523227745,11,56.5034802294949,73.5553206825556,-106.832665209302,4.04638783615172
1.78086474089755,13.853535953655,8,41.4217391155129,124.125469408021,-110,3.97074487027531
3.00169530543113,16.3112540664747,3,50.2319217750839,0,-91.5892106109961,5
2.47549674977454,10.510102276386,6,64.6263694680942,37.918622883809,-86.7111812835785,2.68391207687407
1.78399807813611,4.21348646970076,9,32.639544744653,67.8144470248059,-77.2459644424982,1.53532610478175
2.32447036868179,15.4695837824448,13,68.5631915972098,0,-88.803316783363,3.49639393776381
1.81996184942301,10.2440926757422,4,63.9463352676596,33.5894614018653,-80.4557084698556,1.94369833952872
2.35294250967471,20.8629496521968,13,49.0969931309002,36.8237302611318,-87.5943970979219,5
2.70792453421829,23.675479331849,15,53.8242228167778,6.00998235289486,-83.2050347194823,5
1.19774216570147,13.1415197732458,6,37.4247408331785,58.2627229094929,-99.6877018828398,2.80387643813453
2.51442653450101,20.9643206434198,10,32.8677358669428,78.5940004102142,-90.7640707582905,5
2.72898389033099,19.7682401310696,5,42.2257452066448,38.9290296836538,-95.9778988352488,5
2.02373566163741,7.9247773249962,1,70.5701690052797,44.786498029108,-92.3698929463505,1.51505512968523
2.87312835505921,14.8332184097618,14,45.2055935725422,8.13995389885623,-70,5
2.07769375710059,16.3055888176977,11,40.9675446648753,74.7395881541196,-104.041561007407,5
1.38144015766869,17.6149726716847,6,30.414655579407,26.38917669663,-89.6582286236227,5
0.903252860582697,18.3839342138161,8,27.3310542784465,47.6262724855036,-93.2090066674351,4.05042093588722
1.83329646636813,18.3719782879692,7,50.4424178532853,76.9904696746294,-86.2061729321925,4.45144970032827
2.35677165128203,18.3919947969918,2,70.804789883814,18.1103939638784,-72.073211061398,4.08124290453647
2.15870386661725,13.4371014026802,1,74.6296817646802,22.2326568500859,-80.8768534891256,2.59116945324397
2.20680519514656,16.8962188281818,8,61.2035884274169,33.6222769817001,-96.569137707294,4.06148990567594
1.71145720818103,3.73550882557824,6,43.8192266029467,21.0673793631208,-104.337664191231,0.972657286368721
2.07200090070223,9.15824651678393,6,42.6479183182612,0,-81.5200686332337,2.96628702797345
1.18066713503306,21.0098281084513,5,57.3126672943418,49.2961675460155,-99.921178979775,2.88541372921364
1.61995500068237,11.6963070442678,1,68.7487739970974,0,-97.1526298649479,1.83736523424432
1.59060345187487,16.6377952002221,6,69.4848740361147,17.8218798679279,-85.3464996377563,2.53907869342476
2.25986444406681,22.5406353957278,9,20,0,-105.224483171397,5
1.9929199704514,10.5554552106939,4,49.0707051505245,82.057930208934,-74.437526406492,2.85794106308013
1.42223531585638,10.203576847482,10,30.6643819028982,33.4156194452474,-88.9717874996119,3.15499317449079
1.99523754195092,12.5364034787264,7,40.5750195217388,49.158124455555,-92.3408934902116,4.1097705199949
1.65509473118415,17.2052828958729,8,84.7045487687396,19.4865179415075,-81.9217528058126,2.24123131389619
1.66665042319942,13.9761787584819,2,34.4493973269192,93.4736037069894,-81.9378687346732,4.50775263622831
2.43207471058256,10.1109653563711,5,20,13.8407226491649,-92.4917093002495,5
2.05670971811343,7.13526706270807,10,53.5405420540816,76.0681183061196,-78.9766699070449,1.82729728989083
2.199181423083,13.1486921724094,5,47.5104492207931,76.1250045449455,-86.3268870031118,4.05754383686809
2.44198494511734,13.8942726689214,9,41.6889028797931,8.97619743982487,-78.99997270452,5
2.09012884699352,12.3239358893154,15,67.5891652707006,47.1743564627818,-87.3652521694588,2.54070444649832
2.27542726102874,13.6901391347229,11,61.32256210578,35.06400685457,-91.9109279933567,3.3865638491197
2.34148213805597,9.52292540670071,12,57.5183398325916,114.59959095984,-72.512542190163,2.5844231951904
2.5853043300178,17.7461674491376,15,44.460923447924,0,-97.8320604517636,5
2.23793029363917,4.12689716851806,13,57.0019705218523,0,-83.6691540992939,1.08016244673737
2.70611634322225,15.7230732572805,10,44.1738568506601,42.4340268450868,-70,5
2.0113042421548,18.3451671765115,15,53.7215612421886,0,-94.1334821914376,4.578883128981
1.9760652948899,10.7558542012104,4,61.531989007382,6.43403410362235,-83.6536407057205,2.3027881428588
2.85066732713748,14.7145494040353,5,56.7931453364114,43.2573349808414,-86.8044708646723,4.9238671288195
1.74514414361629,16.458931321769,15,36.5434580036115,0,-93.4824567596474,5
1.99857251992784,11.9269072993367,10,39.2597262962645,72.8680979258382,-90.0355424295509,4.04770850010556
2.4599335399032,14.9317840571647,8,29.196844931096,46.8562650078789,-83.8221520068158,5
2.07490436631638,17.060567480743,10,69.9456864947388,86.8963527681158,-70,3.37395558674339
2.70246672283849,10.314252023192,7,49.4789210280851,17.5259606669506,-81.1357205090628,3.75566298866597
2.51706076978486,19.1757851820372,7,36.860016079024,66.5211454779325,-92.4408548575144,5
2.1457851443854,20.4726923045482,6,63.5549123265448,0,-109.731220174747,4.60808849172412
1.6111507308442,16.6059036648444,6,39.7833173297727,39.6333711260103,-87.5093988604474,4.48338912249197
2.28334804876965,15.0755641927203,4,58.9200925725955,74.936899138089,-87.3902249660553,3.89485245531334
1.30868942025982,9.17753729391718,8,80.3326921928911,4.07158461267442,-97.9148068573081,0.996733760791536
2.12223733779494,17.4742037371117,6,68.7551255442674,33.4948428429102,-79.9066674214961,3.59579569043745
2.40421940158385,8.92075507587875,14,46.7967463944217,95.3871676083846,-86.0912727680169,3.05540507017839
2.1065208492085,22.9539398837929,9,47.7232375953927,0,-84.130996431108,5
2.43983858211674,17.6323752429777,12,88.74252330895,0,-94.8618671990926,3.23183278305832
3.01943812570702,16.324092958818,7,46.5840238799108,67.3444605086032,-96.8385438187022,5
2.46196622434447,13.0320105471029,8,56.023370706746,29.0605089838183,-94.6742477646541,3.81797446286167
2.13345872329791,4.11844980831874,13,56.5197737140941,0,-101.105805707485,1.03639748152202
2.32083075321089,9.02172783987207,14,68.4967333059521,0,-95.2254092159359,2.03784934038156
2.21274267781265,16.8266419621592,8,54.3058245989478,43.8507506061315,-82.731576177316,4.57078395904569
1.34263824825656,27.0622152858531,15,57.3249861239827,39.7953543058127,-110,4.2255879192312
1.79179439015028,18.701236102897,10,56.4430181269658,15.9368665155905,-107.719723912808,3.95782874481427
2.61234391239267,16.5487319430369,9,100,39.1623985424389,-89.734101072101,2.88206527661403
1.97820789722683,12.2900640844334,15,67.5213773244583,52.5772971934875,-86.7150697823627,2.4004547688083
2.29121163872398,15.6114159206925,14,32.4701997306305,0.761267935441516,-99.488298773665,5
1.49674996269033,19.8113966638503,12,25.6510601199012,17.2096050000799,-84.635578290061,5
2.03225837115555,13.7301257833837,10,20,0.973728251123301,-77.4097807684339,5
2.30014597459289,24.4587799463182,6,86.8016098340502,83.5955626498425,-83.1625717722743,4.32086949727731
1.31924252256772,8.89872931386183,8,33.6214848685342,0,-105.633946487254,2.32779370167026
2.17379631598003,13.1188142800566,15,69.8427114959505,94.564027919102,-97.3056367940098,2.72208123474385
1.90907839077033,15.2621457438861,1,60.6763557598314,7.2092527887918,-98.5381065755929,3.20131647894486
1.53023261702925,5.23033149695735,5,20,29.9187390590738,-93.3875276898723,2.66787461817319
1.98123340559041,17.827102855801,7,90.457183701417,68.301563803694,-96.7128462329377,2.60304748667193
1.05184775318878,15.3889723120014,9,61.0459190088224,59.511283812676,-98.4161460565187,1.76772460393556
0.936011615908663,15.4035059381316,1,86.4028481525371,16.3442273923278,-70.9008660928842,1.11245256316518
1.41153833464252,18.9735390471873,10,56.8528897280125,65.54309303825,-93.3296920769302,3.14048858812838
1.50473388975791,20.2184446823936,11,53.5912297239076,0,-91.5242654115451,3.78462160923583
1.4134838363663,19.0109232401377,4,29.6136348335858,85.2589917137104,-87.1363774185979,5
1.13728610523565,12.6558781758219,7,50.7519893023055,76.4177598845934,-107.322219913412,1.89067851944128
2.14411404483251,14.767038128367,3,52.7424660366612,30.7405041007454,-101.41633060293,4.00211521263852
1.2029081398666,16.7672651739121,14,20,46.1556925819399,-85.3013520130409,5
2.05510942461169,8.71599718407855,9,49.6216309356315,69.1802833874445,-86.4861034639633,2.40652145984808
2.39353333817899,9.81984281060232,7,53.2649335555573,16.8905611341972,-101.61018356514,2.94178797367544
1.99888660684308,12.8651865611823,4,35.5769864281089,51.8162879577667,-78.7434196742783,4.81885467611671
2.0465543800294,15.3883433971602,8,58.2120671806087,57.487945573796,-90.6673905079406,3.60670712060946
1.81092147170512,23.954651294803,15,25.7473781373058,44.8780411645243,-88.5830935119337,5
1.2586619444705,18.9863156770345,9,38.5251061677676,0,-88.9071634570851,4.13537307408832
1.97809070732085,12.7874962958765,9,52.10784384495,16.5733408293201,-95.4997245993141,3.23621496321352
2.48041260584106,11.8545445424259,3,37.8980789288686,0,-108.312810909449,5
2.86912246630667,22.6689813566306,9,58.4358924541956,14.6795415129541,-91.3087692771379,5
1.78489687878695,28.6677019065662,11,42.7438211422569,0,-105.649710341592,5
1.18633863176511,15.8371953874252,2,32.5176964881298,26.1583847185306,-91.6466669115607,3.85190808616537
2.08317374623003,12.6056741719866,13,68.6318778344626,45.0962695756645,-87.9265353273152,2.55078838164681
2.18813295522536,7.93673058409098,15,62.0008412239687,63.2005802413408,-88.0203775339825,1.86735334606834
1.88652476764688,19.8749402753449,2,61.4272137612616,24.2733353175572,-103.86271916121,4.06926776034091
1.42554385519061,16.4485949210927,1,63.7022038363377,31.6057360435329,-86.3340001892096,2.45393848293702
3.01216629977193,20.8270412554608,8,70.1884108024138,70.5313325413131,-102.104661033014,5
0.820238244520754,10.4564719184056,11,69.8174143374256,81.868524954564,-87.4832753970057,0.818974105684879
1.74501397710003,16.2028751861473,8,50.6738106671025,38.7036722197376,-83.96798677535,3.71977073190457
1.33918720459495,11.7297683240419,7,40.9945993846652,64.4502599736643,-74.0159411457625,2.55454066116102
1.68193587516998,21.3747726915336,8,47.7868744491521,0.80396008890137,-110,5
2.15892570952985,12.2440469453203,4,74.7571747251355,93.4248648657288,-81.7073782118548,2.35732002412111
2.06902398722476,14.5629556585911,1,26.0427979613396,3.48909777480762,-91.6215511160707,5
1.64463246259439,13.2608984087013,14,38.7121214893844,0,-90.7531013298197,3.75580966495587
2.38850176335989,19.969812670778,9,70.8661722047235,51.5249724507321,-95.6240416772384,4.48713693188024
2.31119696208601,17.1421808651191,3,66.9200344944589,27.3866979677945,-87.6584527553057,3.94689538922981
2.32369044225802,9.97907359919014,12,40.0892760724931,0,-92.5861853860944,3.85610653966351
1.78718415916982,11.8365606166846,3,45.8636457487013,73.0987138572171,-96.1876344753095,3.07492834289726
2.52429038026822,9.77145004387532,8,46.8840767384604,57.8082165715278,-95.3860572258329,3.50737095448182
2.33035354318359,17.5285350472938,11,44.4920384919626,95.905007706714,-83.8371805424005,5
3.25438623659255,16.6597686069838,5,20,41.7936135816311,-85.0837293619279,5
2.53172981952051,6.82293738655943,7,41.4535431502906,58.1993104918222,-78.9938011066589,2.77802293451688
2.5784608266637,5.46579897341906,8,56.1812077352553,0,-86.3705537481219,1.67236805182168
2.02648941366281,14.7980063947875,15,99.0315042856817,104.378592901463,-91.4589406096003,2.01875174428287
1.35580699852985,18.4859666482321,10,20.7474399210746,124.858342578639,-101.383716402489,5
1.81438937625118,15.8440128774433,6,37.2891688818029,14.7472012745266,-86.8521607403963,5
1.62110404175059,7.28101837134386,7,42.290543020831,2.20875236956069,-93.0658507327569,1.8606663124081
1.71801554148629,7.24098802929148,7,31.1544490075137,70.0044105194021,-87.7848468518219,2.66203391304586
2.27756928000092,19.3353890180969,13,36.5245379353459,0,-81.2542037171092,5
1.72161096802482,14.273135047883,7,20,36.1443749033431,-94.9284745077874,5
1.55244343225878,13.0687916809149,5,47.7516473309183,24.6072592892211,-94.8226044433225,2.83251098082476
1.79533613918296,21.581020561814,9,39.6298108685401,63.0652001491856,-92.591934399055,5
1.91955661663078,11.0176788670306,8,60.6996500786936,0,-87.8740370853317,2.32280947712253
2.20466721522773,15.677206859428,11,51.1481578184554,34.9375131811598,-70,4.50495520770616
1.52368200144001,17.089032151043,12,71.3163431490239,40.4766625532562,-98.7289483179844,2.43406111987205
2.15865873616231,19.0993982298185,12,82.4147321975863,0,-76.6007311602177,3.33509003749438
2.03901004048904,10.7282331044,11,52.4370738944207,23.6463934673947,-92.154324136925,2.78110802045928
2.66219272458011,16.7865929409256,11,25.2391824075142,55.1670255325372,-81.0210374327094,5
1.89341475678921,28.7423327793761,15,54.8825116041655,0,-89.4029323854519,5
1.93276067772229,7.43511503235903,3,77.9651648615691,17.998405944752,-95.3421182003469,1.22877937383108
1.41432209103985,17.169895163868,7,48.0905333351815,37.8739690653356,-92.5919968450663,3.36639533077385
1.30736865840238,13.8511613326799,1,57.752454899371,9.09663832813758,-80.4112594774043,2.09036703754249
2.15525415930025,10.8645681185045,12,30.6737084182806,92.9272127112274,-77.3321441160093,5
1.87525546776303,10.8400869230328,8,80.183725425353,60.7774113133322,-80.3897839648967,1.69011289723358
2.25187202786866,17.4894975029165,7,58.076614803493,6.84966047304542,-95.6376137238647,4.52093731031626
1.55366929826148,26.5781305167225,1,41.5571746424353,43.2649144935592,-102.88823902085,5
2.95425616517911,11.0308714917373,9,20,75.1526638745588,-85.9913231036248,5
2.06111535025244,17.7047978464099,7,36.2473969462678,39.928766366163,-84.7201974590638,5
2.52351663344897,12.204693214442,3,29.4562916769194,52.2768922235275,-110,5
1.88653990033803,24.8828302916334,3,40.1488499562528,55.7256279138951,-89.7576906177598,5
1.91874902922575,17.7233018764472,5,56.9361663148655,59.5658129388383,-70,3.9818356206196
2.3450259489289,14.3104722111103,7,66.5870495165533,0,-91.884365527046,3.35985539932327
2.27787838570605,18.0993781787533,1,53.1126512944227,2.92825725250037,-96.441921253338,5
1.43987249925579,14.9720860827755,7,51.6742773233566,15.8844840471584,-100.077665745444,2.781254184705
1.23365349303525,20.535996227121,10,57.4923360345438,0,-108.109597566395,2.937702103845
1.45106611522967,14.0720494578143,6,100,0,-94.8943999919203,1.36129827600469
1.29211333921603,9.39291093744048,5,56.6542793654893,44.3058230353871,-86.9857116145886,1.42815990274844
2.02978529428302,16.2322475819956,9,52.8154165687263,44.3563831652292,-99.839072004467,4.15888384814335
1.79437453723389,22.8051861509259,12,81.5567001572299,66.9839572698154,-87.4653382711372,3.34499763291145
1.81599463347952,9.01689142718641,6,51.7909548228289,44.6239095126506,-82.1203156802614,2.1077845862537
1.31951843530315,13.788273610039,6,36.5403253097184,0,-95.9329592803382,3.31941602694882
2.38978371436749,20.0241408172125,2,68.6378691344566,29.3710572181608,-85.0779625972164,4.64790707351694
2.21970555577686,5.39937097436309,4,42.8421920912257,1.33953173823001,-84.3451532812818,1.86498607478251
1.9551887581294,18.127228897304,10,54.0420330279843,64.6863139881093,-90.4280554110415,4.3721713353128
2.51059005900709,18.764802088913,8,67.5250073097799,0,-70.435514830764,4.65118800284205
1.56301026748555,16.0674184176135,11,66.1589666296354,64.3778776851658,-102.722021923475,2.53062597942362
2.20735014652381,11.1488296356571,11,20,49.9238786127694,-87.2493392465958,5
2.17422059997614,14.9643267373563,10,20,60.9237458847671,-99.2674413489728,5
2.17462720833186,15.4659326238872,11,35.9659978398239,6.85527035543667,-97.217618102292,5
1.63537636618525,19.6762560369536,14,83.0380655173133,37.8852619109935,-85.5902612168954,2.58340026728542
2.1634201243815,18.317589609158,10,54.7014568802606,28.3586283146641,-79.0710547424298,4.82968757454478
1.74255918353676,13.248836666324,10,46.9649443946686,0,-88.2989693980191,3.27717936596446
1.55177692474876,23.0993871967748,8,46.8822277965753,49.3913623716377,-76.9515022092333,5
1.39836590679249,14.7458345175919,3,70.7632942384828,47.7038032994939,-99.3013130207791,1.94263353418904
2.51890781974262,10.936514646167,6,56.6096758231207,0.275798269925254,-86.6184191482937,3.24421244983335
1.57702789383194,12.8079003265154,9,59.5161325465294,79.6011630168893,-95.3089392972062,2.26251440431359
1.91354307787042,19.2930499731775,4,20,0,-97.5735678342443,5
1.3956739726299,15.9760796761917,10,46.519303626043,13.5602341261938,-110,3.19543312857324
1.8514366000023,19.4443107694135,9,50.3837634692186,14.3667953404233,-82.3981787567641,4.76342722886707
0.383981102029997,15.3461091051963,8,32.7994531312294,1.45133717443947,-71.2514974034719,1.19770612485716
1.45652038526933,27.4341066014867,9,49.5410111529734,3.44221208854596,-85.0035944062471,5
1.28678192026014,6.67178441059251,8,37.9536547426541,49.3218792081151,-76.2367694825108,1.50800260890739
1.49277461614734,12.9203602757399,8,67.3980357342559,0,-89.4101957368617,1.90778911590742
1.89336640584632,14.5788769676455,8,38.5837508250445,32.7552174365571,-102.304195943979,4.76939217421196
1.83732610981975,15.4462597375374,12,76.0935900572588,12.9951154807942,-98.7247172319659,2.48639570415677
2.97219889598314,22.2807360023767,8,49.1471154496691,24.8655035398103,-98.0266590912184,5
1.71411339082527,16.0972675931904,1,67.9106153929773,107.293950848567,-78.9762384030967,2.70871171637562
1.87498386098248,14.4256137404034,6,95.6971207025146,8.3256961232714,-94.8036143607011,1.88426379320263
1.21534226482965,15.3430123474155,9,51.3365476422795,65.4208522862818,-89.0855771308899,2.42153816101962
1.76130866815297,18.7574742848505,12,79.8917888821954,31.5147474987455,-103.331485993324,2.75687088855313
1.33101167321887,11.5528647103841,14,28.5507151248121,31.2591837699725,-91.8306492483334,3.59056920790895
2.01514951189409,17.2540679226221,4,86.4668926557823,0,-106.258668092316,2.68075834071923
2.42654338375929,7.17487671071635,11,25.8314169497641,70.8309343640604,-97.0242353782003,4.49327515805939
2.20212673255468,14.6060203816879,9,48.6921680928202,36.1809427961828,-82.4050774849254,4.4037620009635
1.6496898932909,10.2910401546948,7,43.4632734360035,12.6393494638289,-72.9034650133192,2.60404146497744
1.18472855362638,11.7356924709189,8,27.0169859810033,31.497094897435,-85.1455884280067,3.43083174332174
2.73000659257132,16.4126461995849,8,23.8391658576051,25.6396972395707,-89.0276175528281,5
3.02502136646893,9.37460478507315,9,62.9276592611838,103.280925921243,-79.2673885751449,3.0043365254639
2.06025029984969,10.0551295642841,9,22.2159290889617,0,-82.719805422984,5
1.50504919788941,7.42070619475515,5,23.1863479898592,7.53867552619617,-110,3.21123674761082
2.59888573715744,3.85744761563424,4,72.5774404564068,40.5122385944964,-107.915666259749,0.920861498840473
1.70367189091537,14.2423916084835,12,50.0339225909494,104.166547534839,-98.3335564507373,3.2330548271093
1.76509531838777,20.8137218280318,7,57.5936778428095,40.2934486132644,-98.736084782776,4.25257358480144
2.44318868853635,14.0903185692232,14,31.9733674302604,74.4454755588802,-106.002306331902,5
1.30739009944458,13.8302322983452,4,46.0641131440214,60.1047738103138,-96.7825365141276,2.61686123184334
1.02162302288404,9.76632965058317,6,56.1388301781153,58.7578238930481,-99.3117650695566,1.18486107725609
2.21034185010063,22.9165943889352,14,53.3491335525698,81.5015599066425,-78.997784407137,5
2.20036899907348,13.752932892377,14,85.7615758594683,121.649182304865,-96.0997533343784,2.35237648713545
2.04757107893208,21.4700950417753,4,37.5183510639125,35.9034018178996,-102.76016246026,5
2.24834219581827,16.8099006896015,9,47.0007816183362,18.3991950196409,-94.1626621630025,5
2.54112029808035,13.6847374564817,13,66.6443009998643,37.4885694658134,-96.8496741908564,3.47862343844794
2.48522389417729,20.4107222595828,13,68.9618220890726,17.8727342600273,-87.3783945871551,4.90370015566135
1.7157152148052,19.9121704009645,3,20,0,-92.3128574021875,5
2.40498603665927,14.4427801785557,14,42.1624269093988,25.3619642018122,-104.855169085245,5
2.08662368591604,21.4797539274472,11,36.4657754811895,36.7135727419035,-84.1967683237859,5
1.74722871574231,23.9064751075179,9,49.6795802319114,15.3480494908642,-93.639513709501,5
1.4033471045549,14.6719256213048,7,60.3034957483281,21.3250537492389,-96.000299687383,2.2762422071221
2.32348546944058,13.7215956731506,4,58.8965930519734,79.4494967189846,-98.5179613594467,3.60880276339808
1.82318870035033,17.0231907851973,8,72.8179663076748,33.3008028732514,-82.061120192263,2.84146808424928
2.02321726334391,16.7587837666355,7,58.9536202006178,28.804086341831,-91.0892983530919,3.83427520525695
1.6035262488991,19.0375553010414,15,56.3088048949842,3.54616154409306,-105.528130499399,3.61426242272664
1.22474276261022,13.7220475384611,9,68.9118306356824,7.71024669801888,-70,1.62584356037713
2.08579317763431,18.5755663939284,7,58.573262132623,25.963873756909,-93.4169615790429,4.40983800963908
1.96893043759782,20.242986564318,8,23.5078614429173,35.1170728423546,-87.2894214637696,5
2.59951393864598,15.8877427750827,6,52.1964304023452,45.5443682232604,-86.4517286923013,5
2.40085203516364,15.7664884241399,15,20,95.4096967389868,-103.065257711912,5
2.52665228957477,8.72837760841814,11,72.2134434091401,84.2625900616497,-77.788574719028,2.03596211706582
1.62556162372842,9.13599570845578,8,20,0,-87.4888257400793,4.95037467273776
1.53183675144199,7.69279092461102,12,39.0032613237044,100.263552623031,-88.5634641295112,2.01420760889325
1.36545661356575,8.77856006446799,8,51.8852148916425,0,-76.4935998215412,1.54016167195803
2.24899031152337,14.2245031233262,8,49.235604005368,132.848457428525,-88.4090485512982,4.33165800194869
3.39454056382196,6.92543093249199,6,87.6585470452257,37.9714797265357,-107.222848527453,1.78789610480787
2.36378601845786,26.2303257489241,6,51.1092136810035,12.4508885408802,-90.160597778383,5
1.61346794892388,18.6964056615486,14,37.7221971706455,0,-78.3300658582793,5
2.41831687723808,4.66177318683357,11,61.7403321868962,14.080769538009,-77.8736716304546,1.21731822902504
1.4358348449582,9.2272470929785,8,25.8658218471896,91.6857642330279,-87.3532398976678,3.41475145010772
1.28776495429181,14.464040609363,15,60.9066107220227,13.4935827734825,-106.934734382022,2.03878083439376
2.35872115775368,6.43560456735569,8,55.018607676097,11.9671778653062,-79.0355783286192,1.83935305976527
1.6110472399073,12.7005272893681,9,42.1450506529392,0,-90.5738445193437,3.23662353671525
2.1579929403543,20.4550005168646,2,37.5591614401369,0,-88.0810724290155,5
2.7032675690384,14.1805987162164,10,26.1904658870544,6.85255116178327,-77.187276721859,5
2.20056231786593,14.6637976487783,2,20,44.4012104691052,-85.9724316118021,5
2.46483014220983,9.99203772007683,4,41.5198317913939,0,-110,3.95452400968026
1.19709889768963,12.2216927643268,12,65.5448386857039,56.6941868956472,-106.637363734681,1.48809834910444
2.3307681220617,8.24221828739002,9,35.7214799949546,10.7554673294579,-98.2800853228376,3.58527504870758
3.06925112691426,16.821056613674,5,81.692793415287,62.1731257574598,-102.91293046441,4.21318656632336
2.27056970670857,12.7389619751073,6,32.2337735682476,29.8261707353215,-88.4653587755756,5
1.22956140907106,18.9168298494303,9,92.8165907502608,12.2922612674991,-88.4804033992276,1.67063551726483
1.89842860258908,21.1861832393988,9,36.1564375795242,50.1105516440668,-96.9311319047297,5
1.75001738911033,20.3859909071673,1,51.9859469629797,50.2061504911181,-78.305424054812,4.57506187293185
2.19151195639041,14.8257943819813,3,78.6995686763708,111.004841956043,-97.8808248379174,2.75231543599325
2.20601768905588,12.4800633301865,1,74.6680233902602,0,-93.4559300474123,2.45810180555551
2.20274627525822,8.87990512595606,8,34.847109229681,1.91877388491939,-96.6737793548675,3.74209480082893
1.81810962455949,15.5925454139375,1,64.7715628745609,0,-98.9646329791041,2.9178398287082
1.70036397997903,19.7973675036769,11,27.7127753050392,7.19502284606663,-89.4538291723624,5
1.70520550429098,13.2953478070296,4,20,9.78423951213719,-103.941560918588,5
2.42677041703224,14.1334083450792,4,63.223246987031,12.3428861793501,-93.1219167076152,3.61665883971556
1.0734959642902,18.0815025383742,15,20,11.2429335691823,-81.6967560826258,5
1.89634842017619,19.3195968479385,15,20,9.58450686949632,-81.862198179786,5
2.13518910134496,7.91542916511874,5,48.7990466985346,20.5147267764287,-109.460768725826,2.308916427574
1.67361449397054,15.9997597930752,8,77.7138141494262,47.1294099875321,-85.9328081148482,2.29709738505011
2.23861364250384,15.979134264099,15,74.3563170991642,74.5484289451294,-94.5798399771789,3.20717946186127
1.96434017498627,14.2443379853091,6,20.0989834742907,15.4016556213737,-85.4946373906848,5
1.53084935586559,19.4639208151721,15,50.7456620004014,103.097160815381,-88.2788147278994,3.91446670420674
2.08068176732532,13.1790490595819,11,66.0574174322837,64.91029828698,-93.1608021651963,2.76743154211944
1.86590855904331,10.8690565571982,8,69.4770717597023,78.7867540065448,-90.1331630466942,1.94602959366181
1.79506367612163,16.3800565263439,7,81.214677110802,0,-83.9209764890688,2.41362321272248
1.64433864473693,17.2989865048634,15,81.724990836773,0,-82.7397527024009,2.32041563896024
2.03072274179205,13.9124666480738,11,67.1259555483972,43.0777774644373,-97.4968924457679,2.80590542419885
1.0769353819507,18.980614837157,5,21.5103396609095,43.7731382284298,-103.273533430553,5
1.80083344026093,7.40988716057096,10,50.7940467472893,0,-94.1905232927764,1.75138274946607
1.72822593919381,9.62541483807022,4,22.4017675872913,0,-79.8000267381991,4.95046995252612
1.54405074785567,0,9,74.6614180359036,44.0824867948945,-86.5718752609377,0.5
2.32634929549762,17.6070359431286,14,84.8415276386009,71.4580166419083,-86.060007965808,3.21855870995755
1.63286437070454,10.0448818676222,10,20,84.2538580179433,-94.4253316120586,5
2.27031654490722,13.7343713124833,5,66.7099398414557,0,-97.6565977522955,3.11611438002956
2.48792044229091,20.0463263117948,9,43.1436334804762,54.1848883392384,-70,5
1.92156479263647,15.2550602654861,5,40.4407579743048,54.5697752224775,-91.0516501667205,4.83235036203342
2.13889966086169,12.797836044946,15,32.2179717443726,28.7169935183949,-90.3324745963794,5
2.31975865155544,10.7576529434783,1,75.2685823472286,0,-92.7369684008762,2.21032093407771
1.9595109924697,13.7981458037309,5,57.664023296789,0,-89.3028506783787,3.12587951519919
2.27043507188197,18.0146471808077,11,47.6226528007931,59.6207385765343,-93.1950965991807,5
1.36871757768602,7.41873174486828,5,58.3449432957073,0,-100.44217019374,1.16024319844077
2.55521192033508,14.6582574885929,8,70.2644362484546,18.2027886711559,-85.0705726068856,3.55371377669665
1.50521866046582,18.9119643260487,11,32.6096501889283,35.6190069663168,-75.6021134787027,5
1.08558203289808,7.89637038462575,13,34.1063904659328,73.7187546662139,-88.1513118380873,1.67557217236078
2.69224925567713,18.3468256541151,4,63.7700456295077,15.6339865594777,-97.4414908524868,5
1.96863660297937,18.4161831886221,7,81.7134585080382,0,-89.435718052122,2.95787850000486
2.22446056000958,10.5893188838653,6,75.003576987981,43.9216188254967,-79.7969653433491,2.09372434048914
1.81837076376616,7.47745622260047,8,47.6879298491205,1.21357300988505,-72.1685669567452,1.90080073029477
1.48970830343449,17.1656969942298,9,23.3646053651946,101.099212706788,-104.052437490106,5
0.463505730356467,19.0412785671876,6,20,0,-88.8599006100889,2.94191390973507
2.31313949884957,17.8946899291096,11,31.4687333049422,36.8401971991491,-94.3328398559987,5
1.85665773339439,18.8142456290359,10,72.5913503139101,111.696612232056,-84.5539840327341,3.20806032620275
1.90132854657454,9.08936483027302,6,39.0174494186476,72.164393898726,-88.310835421741,2.95284444601501
2.20280268632027,17.9192384505211,9,55.6746340587301,29.3233722222052,-95.8862820533232,4.72657458978327
1.2903257697326,12.0999515905802,12,54.2555863571912,49.1666176389329,-108.071881986603,1.91843585740712
1.63527738100861,12.1931640540383,12,20,126.10980802511,-102.14175296613,5
2.57366392079256,7.2205175907061,11,75.0214601687803,86.0257695350265,-96.0640040281064,1.65136620649084
2.29893231644074,20.5010422814761,8,90.494100348331,0,-92.737021570887,3.47208701563146
1.35935937045374,15.8752915095059,6,49.2220656925331,37.388567480218,-78.2425685148364,2.92283903821143
0.898367878915052,20.0180565516654,9,69.9716725407325,72.5941987557057,-95.9457202855231,1.71341519135022
1.71437684010445,22.5550408713948,6,34.8533260902748,0,-86.279660889508,5
2.10699823935823,9.31380484842114,7,61.9229028404517,41.5468430394488,-80.9417641982532,2.11275306520135
2.47118846665119,18.2150919658069,12,92.4643406433975,27.2734509738705,-87.6833703304381,3.24542592107601
2.04686274533346,14.9361997797198,14,76.2345071887127,41.5349260553356,-89.1520202779301,2.67353564795243
1.43884413923598,19.5712986250469,10,36.0011697430287,0,-96.1054743367174,5
2.15307890928411,20.5384728801701,15,29.6077343135893,0,-81.5868040076184,5
1.41383256622336,19.1023573073314,2,51.062295748675,0,-73.7138270764704,3.52608964621947
1.51951671823117,10.9119408387253,8,45.2596166680041,104.995687627405,-85.2446199460747,2.44233568516783
1.67313249182099,14.3675738944739,8,48.7452803448134,24.8106224249231,-86.9268579453227,3.28768303877323
1.38530317550042,16.3207145289433,14,75.4221818958464,0,-87.6463021644737,1.99845165750689
1.86451743501834,30,10,54.4227674159466,88.7143891740448,-79.6596151118422,5
1.55002496632859,21.1330861425585,7,83.2804644398677,66.7594163740241,-93.3089745268298,2.62220849005875
1.85715693119908,26.6031766067674,10,49.1408024913373,0,-95.1219299448843,5
1.76878922782313,17.0724893031951,11,47.3352910769749,72.9980609961089,-84.6813618163888,4.25301214443585
1.79510739262992,16.0591578339014,9,65.8639966269265,74.4158498624165,-93.0648126656273,2.91792323812731
1.74823050793406,18.0658344585125,1,58.5254508876017,0,-81.0817630880069,3.59766477349188
2.61664855632207,12.3611151959191,12,45.8019628744901,51.5954074850823,-104.63868827388,4.70790510595448
2.30515260878698,21.2080062567626,1,20,15.1703897235936,-76.7363396136909,5
2.02953607752633,14.2118465859374,8,27.6723866804196,80.0320434761662,-97.3061910466876,5
1.26652663478588,8.13199107703199,2,62.3371008437261,0,-87.614505846616,1.10147174566468
1.18709836680188,19.3541907735895,7,60.8692850454099,13.6586441481977,-94.6787928599774,2.51635705823937
1.01762379230455,7.15733348929408,14,20.642080517262,62.8315998298668,-82.8642938515182,2.35230579658964
3.30259787543696,5.7787355204222,6,52.3981666670011,26.8186482158452,-104.174962528821,2.4281816033432
2.48618740560179,16.4420490485184,15,60.5871099105533,53.0557229931963,-100.672937313317,4.49798813939829
2.12849048485213,10.245444362434,11,26.4951137525095,99.5018083616407,-73.6762030294617,5
1.51287977032653,10.4463395296601,7,30.0356950622582,12.9456412869189,-99.7538900877021,3.50783863791094
1.42681780705629,14.1902541484871,4,73.8808456019137,0,-96.9836157560791,1.8269875085811
2.27381975224023,12.5554911714053,6,20,92.4914040678891,-89.3768289799398,5
2.78254199254121,13.8860899603224,9,58.9305870697271,12.5040031354084,-97.9870497300034,4.37108925919739
1.15332816933959,16.3603324821903,1,69.5611989439671,42.7313643348975,-88.5329333167002,1.80836755719433
1.77530132006987,9.15734553084779,10,20,6.7214939668159,-78.2407393566556,5
1.95785396362329,8.87882846535388,9,47.3962199010498,0,-89.3131602325886,2.44512460269563
1.00400141119837,4.5026065018717,11,26.495253264039,0,-72.7381361882041,1.13746746430383
2.42062283317629,13.0487868497023,15,51.7992416516629,82.4895064512951,-104.497401631058,4.06520641184277
1.79267054127226,18.3214087887952,7,41.556682118848,13.3943096906333,-92.8464294054972,5
2.95609041918193,11.4886799640991,4,20,23.9926877682991,-98.7404155399149,5
1.80455063388311,17.5066376715424,13,62.3593730776452,42.0015095014948,-86.3149980381161,3.37737136089211
2.20459104127368,17.7015687284887,12,61.9232056046296,77.0727271635796,-102.616684852015,4.2014103818078
1.42878591593928,19.9537549326599,7,37.6312533327112,36.0958902912712,-107.595945051612,5
1.68756811218164,19.9468905835099,6,60.5575076080641,19.6604325122778,-93.935331303656,3.70575978828483
1.41563857504272,11.5557940854092,9,23.1136373747893,0,-108.15037544247,4.71837689219177
2.19628764064877,10.7158119669972,3,25.3046934845015,53.3126019583475,-98.9810510383143,5
2.65091975217481,15.2419500882987,8,26.9312021244219,0,-95.4730219751329,5
1.7031791190798,11.6757329856621,5,47.8134391261842,0,-106.703920986873,2.77270226175675
2.21818769578107,22.2637098049492,5,39.5161048288159,59.4529921489196,-84.3608062514774,5
1.7478187597371,21.8992287607222,12,88.2259689099166,47.8747765007191,-86.9438763972612,2.89226126386484
2.05105385665171,15.4756820948485,8,48.5778793593854,0,-96.2714870768665,4.35609209562613
2.59812527041118,12.8643646800803,13,61.2367073217884,51.4806732449395,-103.923391838318,3.63869237095198
2.06014140818082,17.5540390492081,4,61.4814341105032,48.7787711365208,-92.7529562788166,3.92137922060591
1.48157830146162,11.7186318780977,9,57.4346711466139,0,-91.6785012627404,2.01528337811676
1.57144838055613,14.3749161202568,4,53.83387752502,27.1289214004339,-110,2.79742542507228
1.91506284797797,12.3476664984637,10,74.8817035373328,94.08356099563,-76.9258245752875,2.10523677154691
1.90416585997685,15.5279319963347,13,26.7168040561575,10.259168367881,-85.644703028221,5
1.56709239613003,20.641752033137,12,82.7053938517754,0,-107.535458881244,2.6074504654359
2.09033206679309,18.7123902054782,1,63.7265935929932,36.3502048000264,-70.2192052671235,4.09197135109978
2.63326423778632,20.7180157725945,11,27.0102674972481,7.59381071982975,-91.5354656633611,5
1.87441535628081,10.4264287747229,8,72.2031460075135,15.6517820472568,-104.73390720596,1.80448815018623
1.89771497466843,15.8990083596222,9,73.651275368939,46.4065487651926,-99.260446744789,2.73104899589722
0.899239046981864,10.0832608989957,6,84.1465618270917,27.8066716528418,-87.3729279603367,0.718370560793223
1.61274344761963,16.9241428537599,1,41.5936916503151,14.7423421562118,-104.397946229137,4.374750017935
1.30336370797242,16.6284881611984,12,82.7875546246673,0,-94.7354444736519,1.74526779908836
1.80688267450818,21.4815518427984,6,55.269370232032,0,-91.0150584793592,4.68187517285492
2.26279317505893,20.49614741746,7,20.7303386251501,0,-94.2496933226968,5
2.7616346376953,18.2661152437459,9,34.4765803500514,5.79341014257436,-87.9633313674632,5
2.89924722595413,12.474633063643,15,68.5897602111612,100.420902231357,-97.1201345811463,3.51530074782963
1.94155786651511,12.6200309650831,15,85.8591547952944,35.906170803587,-92.505162410966,1.90253603546725
1.83990190655718,4.74219289084374,3,26.3369647687362,8.02581946025473,-88.0927263209309,2.20859916034129
2.40875814161861,12.7584773103028,6,47.776482781097,24.8854217550579,-110,4.28831429285085
2.24507959441199,7.24401732569516,12,36.8646838429138,39.8131265527131,-109.182070349687,2.94109769100169
2.38262558000782,19.6491288923474,1,87.5946827863242,41.0429715097409,-100.670783889621,3.56311712344308
2.38913952265566,19.5096998592949,13,32.0783824619444,42.7487164677371,-89.2014616445275,5
1.25984741329069,15.6914372452686,7,76.6301144032714,73.6215972063645,-87.972053287936,1.71984750192159
2.27018197980488,13.1079612074922,14,37.5085373805095,16.2447184840668,-97.3112153604307,5
1.95423048906588,15.7153212869301,4,65.5335776386827,44.2046563495654,-76.8756648805541,3.12423657316671
1.61987381152072,23.0251933321008,4,23.5149260386474,5.25538582189415,-78.669957141991,5
1.65320227842825,21.7455802714567,15,80.0055330392222,0,-91.7710646202099,2.99561305198667
2.64072887633168,12.7577894432452,10,20,7.1225459890973,-70,5
1.59513119461712,15.8420566046083,7,56.4502940534627,86.7190940081357,-93.6530998169386,2.98435512759458
1.38159082358858,9.39751652493633,4,58.4200889596501,15.8162032348423,-80.1660746751562,1.48162761892193
2.10734322406589,17.0036545378154,12,33.585977253238,70.8752001923388,-90.6302157183854,5
3.00538588376681,18.6953132235149,9,30.6708249328527,54.0727856311372,-107.248518609033,5
2.01277721670615,19.5002235231481,1,62.1869640140658,6.10996860929298,-71.2016562406369,4.20769918051124
2.15414971812343,7.34390863920461,4,29.2757718521522,106.534218902513,-100.635515303774,3.60249624500879
1.53087639468611,17.5231039343324,15,49.4352496363217,64.9372759396485,-89.2626887024255,3.61762188884091
2.83710797588957,10.6789267703053,8,20,66.1030881676875,-70.7918508973063,5
2.06249408692251,13.1172252400645,1,20,0,-83.5726884902901,5
2.26505062827535,18.9400520252338,4,49.104937429497,4.11700216229415,-86.2900332353035,5
1.52396588829926,16.4910282074848,6,72.3590998852921,55.8577209880637,-91.4541983449237,2.3154668397873
2.42702140911024,14.1812908159757,11,20,77.9901186289597,-87.5479810138591,5
2.19457286725888,18.0336627276723,7,63.5733443172253,28.9447971428963,-71.0983201013358,4.15018666963792
1.42199945752415,23.1724933945496,8,59.88646495304,98.4774050620936,-94.6096003838053,3.66819370201822
2.01987006349462,11.8825313784166,8,38.2306284682598,24.8880422778678,-92.2153903575272,4.18532999524638
1.77470069814621,8.2494991702839,4,49.5215067962568,58.722184115028,-94.5557815338284,1.97091363382694
2.05462397083283,9.18879510477472,13,93.8262601978934,30.1346672626995,-94.1204942394552,1.34145235712062
1.87472357877692,10.2786039928422,7,21.9883797206779,73.758037952301,-91.7248159779665,5
1.90504917267566,11.6439453006303,6,59.6019898078197,16.9168239855804,-83.8112587115065,2.48115747289319
1.48354324284958,17.8834058493091,9,54.1510135416866,28.7445904566049,-89.1179053268344,3.26627384809768
1.8383540392903,4.57114956118978,8,56.4416954233121,0,-97.6072015777212,0.992574868276367
2.38326342705272,16.1798194178902,6,49.8823903436217,42.0901707595453,-73.4803853638114,5
2.87233658983452,11.1078932499986,9,55.627781642266,33.5894297842591,-98.6956970837725,3.82370190769392
1.4197400369151,20.4978097269769,15,44.9732151005969,51.1238110069161,-93.3043662209213,4.31391011640477
3.18870592619209,10.7221785218198,10,20,43.5279794673293,-89.1990259375789,5
2.76303898125354,15.0377881178158,5,38.3196762980993,3.22659582405001,-106.822051821035,5
2.08425375010873,10.3120711559894,5,54.6888546169361,56.5615233837208,-100.090817003487,2.62003085501362
1.84939673533815,11.5922015874541,7,55.1757244126561,134.406301843619,-102.936618576874,2.59033962241334
1.6506728646474,13.6993028480447,2,62.0731283556924,4.34144082773975,-110,2.42864806665631
2.41638528788901,13.8560231784559,15,94.4193071216504,67.2914135845175,-70,2.36402854301344
1.6526973728886,12.3759350300504,9,20,6.88934626451763,-97.3035343056043,5
1.76905850343294,20.6415925737767,3,63.6082099173533,0,-81.5994052229469,3.82719829347853
2.44180856836041,17.7506962476107,8,52.7165861472178,0,-89.8280591846998,5
2.21797209108186,24.2757368034961,2,49.2402509590171,53.0147138707546,-99.9413833067857,5
2.44837368152723,13.6135060273469,10,36.1372553659173,31.3297649335931,-90.4038980156986,5
2.25236601397245,20.3331538543626,7,47.4494997174591,64.94796001783,-85.9525542919634,5
1.79955143224208,4.50380574504816,8,63.607236879365,22.3994562652557,-101.428135625646,0.849466242802196
1.74307599395039,18.1924188470918,9,58.5242919362419,0,-78.0189555257744,3.61226281886537
2.39818379811695,16.8573272832855,11,20,22.0660620257883,-78.031612753368,5
1.66440491799635,13.1291035004294,5,68.1242150409423,27.0492970047628,-90.9737647797398,2.13846079272152
2.59332952143319,18.4767416307562,2,54.9902828627159,54.4960056772015,-83.8565259466327,5
2.39535098535179,19.3881437043564,8,87.8845642397495,0,-102.186010577129,3.52290981760119
2.14386074733683,20.1680282429333,5,27.7524267938723,0,-84.281262084001,5
2.00161305728154,17.0989566018483,10,35.5591645346351,48.3536652435898,-91.2831002095861,5
2.18280859373646,18.0053461394063,1,20,0,-73.9148204647813,5
3.76333890916943,11.6299084314146,11,50.0722462707216,10.369066618527,-99.5707313533642,5
1.94378166874399,9.52410771548817,9,69.9028858020896,52.0153088970927,-70,1.76557193369888
1.22170303253086,13.6619163715708,4,40.4206129243336,30.733294496784,-89.7991512643064,2.7528536314835
2.95755114772839,15.9327518595065,7,39.6179727732698,36.5969756941984,-85.5449222813023,5
2.30492302661916,19.7547233591504,11,44.1068051754613,77.3721418408455,-75.504706971823,5
1.67604418845418,11.0474063155172,15,46.7890017759353,72.6362379029265,-78.9704965693183,2.63821844875487
3.30866745602536,12.5526100903377,7,70.4703210526538,30.1437009457262,-98.7586356761064,3.9290689445508
2.27547521037271,29.8723693530099,14,50.3178947304963,8.73312890517326,-99.1523942767871,5
2.14710184222335,11.8870732156424,5,40.3468586468994,0,-99.1482201632927,4.21722329088292
1.61107810087331,24.6015149505632,9,62.6934902914241,42.6305860137583,-79.2524970367972,4.21468127987138
1.46753495195498,19.8057446337566,7,22.7112390478153,122.52309017108,-91.3569808767828,5
1.11579298384447,12.2109841768794,9,61.9724960121026,71.883138271499,-94.4471087418054,1.46569648872807
1.78854023205079,14.4672242421718,6,45.8700377217841,38.9982928815193,-89.1748297718928,3.76065566810966
1.47344878540491,13.9241937674855,2,92.7873267942108,0,-79.6423185880971,1.47409400998243
2.32387762248586,17.3674484604923,7,37.0237245132089,0,-91.5888967562124,5
1.84118590574324,21.8282047919624,10,58.4718448407236,8.79901858099971,-86.9071781772794,4.58223761311843
2.88449578459329,6.81098141965433,6,52.3573069683473,0,-110,2.50156069662041
2.75529119759638,25.1186443248349,7,28.3844304576241,46.6955384454101,-96.6758386545313,5
2.08200515845372,18.8889464279419,10,67.5105337993441,79.7397796703949,-100.665851992575,3.8835306321844
1.8586181427474,12.2554903838509,10,20,34.4233524762696,-96.3915602883885,5
2.57608290397419,14.3699431994178,5,20,16.9166517235962,-97.619676561009,5
1.42674618394165,16.4979020364996,7,23.8081067563732,84.1158442520325,-94.2210577918563,5
